contrast_0,contrast_45,contrast_90,contrast_135,homogeneity_0,homogeneity_45,homogeneity_90,homogeneity_135,correlation_0,correlation_45,correlation_90,correlation_135,energy_0,energy_45,energy_90,energy_135,mean_h,mean_s,mean_v,skew_h,skew_s,skew_v,entropy_h,entropy_s,entropy_v,std_h,std_s,std_v,label
173.84480490523967,0.805667249284075,0.8922918174066221,0.15605787323294146,221.59934452634758,0.7719003827063109,0.8629521295015992,0.14910119871433247,48.91305462653288,0.7946524714944477,0.9696632675624637,0.15297130058258443,173.84480490523967,0.805667249284075,0.8922918174066221,0.15605787323294146,0.626993729384075,0.09824860023824095,0.9159080821915597,-8.97945204473444,5.156685503885001,-5.116158904540318,15.930705078554535,15.777227377196137,15.926207776791797,0.04674986539626769,0.07298183714884746,0.10675794160117798,0
63.00453734671126,0.8650462200954225,0.9226824633861525,0.16660636579115187,136.79104260578742,0.7960551233852106,0.8325160421437741,0.14793446031502183,91.13353400222965,0.8433361349510506,0.8881340060081088,0.16084292439703218,63.00453734671126,0.8650462200954225,0.9226824633861525,0.16660636579115187,0.5665690665982908,0.02453240751810157,0.9396122274509808,-2.9339760677105247,8.831609117738013,-5.04802026048458,13.75571023950364,13.190363355380473,13.811460523045742,0.149126950319152,0.049179592607991186,0.07693308657576542,0
89.05238573021182,0.8377140655162139,0.9595299524210681,0.17616901606864663,106.95668952248855,0.7960176317019239,0.9515376037237292,0.16195762747838233,23.898751393534,0.8573966271726565,0.9891415951677303,0.17987772466738533,89.05238573021182,0.8377140655162139,0.9595299524210681,0.17616901606864663,0.5985184600963261,0.19256174327926326,0.8589059529411763,-4.336086530421553,5.597002422804044,-4.171040922373035,13.813776252795197,13.791269484825682,13.794408418139465,0.033290128642267776,0.04950516560307118,0.14628043305274047,0
106.45013377926422,0.8357028642727955,0.9308601244186306,0.1436545854065513,149.7270500329974,0.777068939523605,0.9029782459248124,0.1289656360096822,31.965484949832774,0.8353593178944753,0.9792393343037242,0.14316231816534566,106.45013377926422,0.8357028642727955,0.9308601244186306,0.1436545854065513,0.5983269544853315,0.16859969640126712,0.8410577176470587,-6.683743013407641,4.919780250708708,-3.7907405208792353,13.81212929248091,13.777835162039553,13.802779288705777,0.04354989629746558,0.054253409192168846,0.1183311168303209,0
172.69275362318842,0.8116682732509637,0.8833583149400295,0.20527472818769016,308.61706244896595,0.7592899422015469,0.7921394086359563,0.18738133106472737,72.7471906354515,0.8136418578541468,0.9508453180165017,0.20720622759926874,172.69275362318842,0.8116682732509637,0.8833583149400295,0.20527472818769016,0.6180977546154418,0.0833269878559388,0.8582320901960784,-5.207486237562137,5.467911563051058,-4.667438088680354,13.812071790002687,13.627052825428478,13.804733534989486,0.047175625883206604,0.07243077442942111,0.10968351516242268,0
64.75030100334448,0.8182358485069489,0.9199466070972158,0.17452737147848604,132.17226876656864,0.7569663647041794,0.8370044242814055,0.15642490419443195,54.3281828316611,0.809935703017864,0.9328214981250452,0.17337074104202188,64.75030100334448,0.8182358485069489,0.9199466070972158,0.17452737147848604,0.6001705673348188,0.2376600549643891,0.8461609294117654,-4.866970371070712,6.033749994461459,-5.445500303143092,13.815073210503002,13.797211035717002,13.807638462708937,0.017196248555588874,0.05277469199142295,0.09191407509312709,0
110.18089186176141,0.8153376208576408,0.9415204830800331,0.17297986083407407,147.23155221977382,0.7690208740421761,0.9220848614606558,0.15859740384734936,57.975228539576364,0.8255501713742261,0.9692250088160738,0.175758626545198,110.18089186176141,0.8153376208576408,0.9415204830800331,0.17297986083407407,0.5941657115824709,0.2340867052898706,0.8709159333333332,-7.253788634978931,4.95799815848511,-4.26209146102993,13.814107381912411,13.79213359222921,13.79758404866004,0.028422663191587427,0.057777981700505396,0.13852279180025145,0
111.85820512820511,0.8091979043020212,0.9399147806700188,0.13422749834133152,138.51604568181565,0.7604392548491414,0.9257957944190591,0.12221768777839331,82.01313266443701,0.8181556860354361,0.9559557573823676,0.13688421720276658,111.85820512820511,0.8091979043020212,0.9399147806700188,0.13422749834133152,0.5994872404558008,0.11643988963635345,0.8172839450980389,-4.109424127335041,4.1335895636077185,-3.400517294425616,13.810653470836167,13.706476547089286,13.799068894785055,0.054585108395503436,0.06670461766795703,0.13011247695948722,0
121.68347826086956,0.8975014749264856,0.9299814636748123,0.20893952939343188,165.63854990436354,0.8365445179871605,0.9048999793793537,0.19413517315287213,30.676053511705682,0.8696371591038475,0.9823357243748152,0.19985499535181428,121.68347826086956,0.8975014749264856,0.9299814636748123,0.20893952939343188,0.626758371738069,0.08313062221768078,0.9596672000000002,-2.609001565377518,6.71549962792887,-5.477541060333482,13.81444541021711,13.602586585560914,13.806561174434536,0.028321119132158564,0.07948232521527343,0.10974861215556718,0
138.30614269788182,0.8421566717859873,0.9275297130896887,0.1384336084153054,160.65746468160313,0.7461947592783582,0.9159601598254837,0.1195773984971513,53.54762541806019,0.7837484701187173,0.9719208410139836,0.12504579584631093,138.30614269788182,0.8421566717859873,0.9275297130896887,0.1384336084153054,0.6096069048592015,0.07448313325991643,0.836928349019608,-4.869672238240017,5.729793688846847,-3.3529317897785003,13.812086778125833,13.677751082553785,13.801484470368901,0.04672915293915788,0.05349345074535869,0.12399074241716782,0
152.17584169453735,0.8917494151248362,0.9023399225450209,0.20599354052903213,160.71309045760117,0.8329096172735158,0.8971204484794699,0.19022773238620494,33.991137123745816,0.8662305415723891,0.9781765105762369,0.19743612043268635,152.17584169453735,0.8917494151248362,0.9023399225450209,0.20599354052903213,0.6326084781293736,0.09287194389686398,0.939946462745098,-4.7973682900078884,7.288323364930021,-4.920200258296369,13.814671599069808,13.705633612344398,13.805629829054904,0.024989735511926573,0.06138243736626473,0.11411864081656765,0
137.2308695652174,0.8656077505971369,0.8399689313514382,0.35766094530916487,170.38661759935573,0.8251709873225026,0.8018744677200563,0.3320204267813932,53.41715719063545,0.8738948017030607,0.9376932528673542,0.3594394765426389,137.2308695652174,0.8656077505971369,0.8399689313514382,0.35766094530916487,0.6235641853685209,0.0643531871364471,0.9550489725490197,-8.176787094981556,6.9957225080892655,-6.340016176736285,13.809283493940844,13.621466500478837,13.811688695052089,0.05402661997862087,0.06011693780511137,0.07498042380935586,0
103.00789297658864,0.871093237228906,0.934960386205735,0.13643493644824042,146.50736568942182,0.7806896911095296,0.9076196383852649,0.11693325679528381,47.39095875139353,0.8198407715050036,0.9700437032838058,0.12394522360373895,103.00789297658864,0.871093237228906,0.934960386205735,0.13643493644824042,0.6093640176400463,0.06106296360819544,0.867698749019608,-5.162281099821151,6.830179298264329,-4.137517017061688,13.810081183706567,13.620126627195587,13.804684592680301,0.05704696757640643,0.05738857417625456,0.11158974959513851,0
183.16724637681156,0.8415141985308922,0.8917489031003095,0.1962642387403365,121.56982584087429,0.7833340154166744,0.9283548617455146,0.17987199846476717,77.64395763656633,0.8219356423687338,0.9541108617659819,0.1891796209174468,183.16724637681156,0.8415141985308922,0.8917489031003095,0.1962642387403365,0.6188872745891377,0.11574079997851489,0.8712767607843135,-6.068582359984219,6.183904796781996,-4.569168734817127,13.813402062093417,13.724802052541945,13.801731403188425,0.03705307298261506,0.06581295225886598,0.1231458028612029,0
149.47471571906354,0.8140489131102905,0.9194047798471802,0.1095245163132673,177.9072829162985,0.723774381105702,0.9041864414902913,0.09314799780619133,39.13986622073578,0.7699049934677867,0.978869855247817,0.10074024682879255,149.47471571906354,0.8140489131102905,0.9194047798471802,0.1095245163132673,0.6074547786846622,0.07525793428846508,0.8519817372549019,-4.447580398209626,6.362690700940066,-3.7737330330026357,13.81017660971397,13.615575587049088,13.802596600358736,0.05729881993695648,0.06942690527888525,0.119815870457838,0
124.39228539576365,0.839719587777457,0.8988643930453603,0.14085037910749748,126.10687799912752,0.7698698880793128,0.897639454611111,0.12254832923200916,59.80862876254181,0.8118388300932701,0.9513339359785858,0.13203504005774255,124.39228539576365,0.839719587777457,0.8988643930453603,0.14085037910749748,0.6126296383729115,0.07790464670127993,0.8967574823529417,-3.85616722526071,4.778064631107169,-5.0015178755778145,13.81215552981321,13.715147903476026,13.807706582548864,0.04711778951096725,0.04190572953604328,0.09818948627147718,0
138.78809364548496,0.8333089453292728,0.9106958805426831,0.1540116647224307,195.0063086542656,0.7705747130732485,0.8747643585567646,0.13861383677035674,33.47851727982163,0.8243012297446456,0.9784396320701821,0.15246316509235808,138.78809364548496,0.8333089453292728,0.9106958805426831,0.1540116647224307,0.638569390255394,0.10212256755296016,0.861517023529412,-5.8240416740043806,6.071234224789422,-4.752545535170526,13.814452934060608,13.724987252031681,13.803488762736302,0.02767295795698838,0.05768346529490581,0.11389454037583886,0
166.61562987736897,0.868814972050248,0.8654449233718258,0.32871141909134705,127.79659064216287,0.8232282114741845,0.8971285260219922,0.30397252425819976,103.57041248606464,0.8640753549636313,0.916363088287989,0.32459576763147474,166.61562987736897,0.868814972050248,0.8654449233718258,0.32871141909134705,0.621449537846285,0.08078502451735768,0.9187514862745096,-7.436141212379994,6.895583604094177,-6.331998227898592,13.814293872757313,13.688690816171523,13.806884198108106,0.027569187270190722,0.05746485002569816,0.10126732507638124,0
161.25178372352286,0.918330280287966,0.8861395714969612,0.2599300862452471,166.62763280052795,0.8883608977572667,0.8827271572691853,0.24580231208629588,21.886733556298775,0.9204666077080872,0.9845485456001564,0.2587674923435919,161.25178372352286,0.918330280287966,0.8861395714969612,0.2599300862452471,0.5956789819380958,0.08366825643278586,0.9489644274509803,-0.7827506550968077,6.50631893052411,-6.299124458088718,13.815088450332064,13.587521180057434,13.808128780636382,0.01706137359281988,0.08726700232383347,0.09858365823113834,0
100.6758751393534,0.8852416115944634,0.9332894199370824,0.17471983203892158,123.93199181217211,0.8095691104186485,0.9180501800553538,0.15350323756852485,53.88826086956521,0.8421120654535118,0.9642652313225836,0.1622406781930114,100.6758751393534,0.8852416115944634,0.9332894199370824,0.17471983203892158,0.6263419676547861,0.07679997747736261,0.8795427411764706,-7.378896147935313,7.109257757524591,-5.1566675361621614,13.814261019973927,13.722671324733337,13.804279571863702,0.02898746679169888,0.0456794067465555,0.11126618989414944,0
164.78071348940915,0.881784617686795,0.9091706802827693,0.18406417673628334,229.6887394995582,0.8454119573327072,0.873761462556271,0.17306682154698647,95.40014492753623,0.8895214693473061,0.9474183365027126,0.18559251056040116,164.78071348940915,0.881784617686795,0.9091706802827693,0.18406417673628334,0.6104249215187356,0.06133462123900136,0.8819545921568629,-5.264411176005932,6.271807188893699,-4.808743016786413,13.81117847581542,13.606381998852047,13.802400101917002,0.051189780869288215,0.05801924267516435,0.12109008740952636,0
202.16392419175028,0.8369796933164604,0.8935781886128392,0.14512730507672078,140.943356338296,0.7853784325881317,0.9260234068514045,0.13077037659279417,63.593835005574135,0.8413344544555591,0.9665281061681663,0.14436942295685795,202.16392419175028,0.8369796933164604,0.8935781886128392,0.14512730507672078,0.6065751925133186,0.1290082779634495,0.8766062235294122,-5.858661684936614,5.260895101403943,-4.194419070284263,13.814572611245092,13.693194480671426,13.801832911877144,0.024916206395300504,0.08518126048835581,0.12538542438437444,0
118.4703790412486,0.8864543312615845,0.8673861007573481,0.28529564310396366,171.3954541895505,0.8452273114815034,0.8087581424718873,0.2650288437762092,90.89783723522854,0.8795071357812632,0.8982754307770415,0.28279692112794286,118.4703790412486,0.8864543312615845,0.8673861007573481,0.28529564310396366,0.5986120380091708,0.13027092307982036,0.949454403921569,-11.657373557854491,6.832635594173221,-6.3719900010875055,13.814995225012808,13.749828112067378,13.810392073350652,0.017274633878389234,0.06223004158538685,0.08462016179859269,0
77.50336677814937,0.7867250265221605,0.9279988784157402,0.12521611389166332,82.86860325947137,0.714971919012777,0.9231709184656386,0.10976893465415563,15.209788182831659,0.7706752479403092,0.9858683877501067,0.11898989602067456,77.50336677814937,0.7867250265221605,0.9279988784157402,0.12521611389166332,0.5903824580165696,0.10810354275528337,0.8849356941176475,-1.4340278703243017,1.3968716999543707,-5.434300829356434,13.813143561056574,13.64211555108356,13.81012547143865,0.03980381331560598,0.0650844879771441,0.082147425674068,0
134.4905016722408,0.7990406580893937,0.8938391034413812,0.16445896269040788,194.48277983467744,0.7713430117293621,0.8469160516404842,0.15768407864161482,46.687904124860644,0.7928150097470654,0.9631438310590749,0.1627848861671861,134.4905016722408,0.7990406580893937,0.8938391034413812,0.16445896269040788,0.6010383141384515,0.10277096353452661,0.86667515187526,-8.179603905088426,6.544793827423786,-5.469907239147856,16.201709571763384,16.114619105627316,16.193137996304745,0.030552977173282345,0.058035210810581016,0.10465835710693333,0
166.35488294314382,0.8031630729011223,0.857175032376418,0.1466127196918246,219.5047818257067,0.7830455972684751,0.8120856490418711,0.1426770247529496,29.63296544035674,0.810916054187367,0.9745703179403274,0.14750874488218801,166.35488294314382,0.8031630729011223,0.857175032376418,0.1466127196918246,0.6136891143983674,0.07072257091242426,0.9085029818112791,-7.2134920346191524,7.219899572586994,-5.72019396389464,15.975894607115766,15.863867923505552,15.969850310033296,0.034378235791005546,0.04835367297285587,0.09827554879784027,0
153.45750278706797,0.7483873694863262,0.9181338805964393,0.09145286997404256,222.73813492019104,0.6901622510231864,0.8814993783196635,0.08325561300838193,83.68764771460424,0.736950740875771,0.9554002215344616,0.08909023441836285,153.45750278706797,0.7483873694863262,0.9181338805964393,0.09145286997404256,0.6009905121483383,0.12967593081009923,0.8417491027050419,-10.484175161129938,2.3688987267824433,-3.937943831294103,16.243983916864735,16.14698204034187,16.23294266594671,0.034639400747546685,0.06115665986840274,0.12062120140189828,0
230.69161649944257,0.7927030085727296,0.8689992695087247,0.1219923532095376,254.73362714063603,0.7499002161305397,0.8557585989713465,0.1129994381084229,41.021315496098104,0.7896517151803795,0.9767099551814131,0.11996928550051213,230.69161649944257,0.7927030085727296,0.8689992695087247,0.1219923532095376,0.606754966260218,0.06723027026824549,0.8653877213755913,-6.292287499333947,5.886461926579854,-4.539127309894831,16.37788208156689,16.155794319840634,16.367578632353112,0.04095768043670228,0.06695612389603947,0.11995436622320707,0
116.58721293199551,0.7902424469012851,0.9102356032680061,0.13760987575088704,155.21670898535814,0.7658079688794717,0.8808276564200436,0.13147517575121268,34.23830546265329,0.7999142801677672,0.9736386860672867,0.13879411401314737,116.58721293199551,0.7902424469012851,0.9102356032680061,0.13760987575088704,0.6047116507774016,0.08412860303011255,0.8974498314060818,-4.698576916026099,4.976218009947697,-5.1500012071063175,16.116023495058887,16.025031459867325,16.10940608695362,0.035168068644105134,0.0447967698371036,0.10183083769085409,0
139.75690078037903,0.8720070076924535,0.8916597278123984,0.20847984222155613,150.99287480005822,0.8313965545733799,0.8832562882388773,0.1936836145993083,51.09176142697882,0.8664902822117866,0.9603894089978667,0.2059289210658348,139.75690078037903,0.8720070076924535,0.8916597278123984,0.20847984222155613,0.6008519849776174,0.0710904772920916,0.8595704823529414,-5.554807424417035,6.992997103762569,-4.839005431468956,13.811930724754735,13.71556150410971,13.805863898013607,0.04539705589253877,0.04400801860733584,0.10368553728760124,0
108.11557413600892,0.8423423953050787,0.9257927150446719,0.14564618026024295,148.22764846030805,0.7934827916224445,0.8984896208319872,0.13266276662918602,138.4898885172798,0.8290810486464602,0.9048915356561804,0.14252469938004206,108.11557413600892,0.8423423953050787,0.9257927150446719,0.14564618026024295,0.5986138126024373,0.2415970437387776,0.8456507882352944,-2.814149021300314,4.946191630936559,-4.3366169555736205,13.815357029429874,13.774229661589468,13.804307505791634,0.010257842625609841,0.08324181171046476,0.11060452479219594,0
164.60027870680042,0.8130499344303247,0.9004350585615849,0.16773652530562377,173.15938300466442,0.7465961379888972,0.8954734573495283,0.15146827476804006,29.227770345596426,0.7945166290140445,0.9823101123098743,0.16383548121079963,164.60027870680042,0.8130499344303247,0.9004350585615849,0.16773652530562377,0.6259078683212038,0.11637206833749612,0.8679511450980393,-5.842095940698923,5.063621279192594,-4.185746873831432,13.813933992136059,13.734343442836431,13.803457953971952,0.0327311770229019,0.058724259633996495,0.11749501510040591,0
118.43818283166107,0.8612595623543686,0.9379335208784133,0.19324309223604785,150.62052997170053,0.8207377097446261,0.9213045336400866,0.17835578544239544,62.9801895206243,0.864054434759945,0.9669961062928988,0.19275296373700554,118.43818283166107,0.8612595623543686,0.9379335208784133,0.19324309223604785,0.6011854964096699,0.1760078699285275,0.8820187568627457,-9.116067334302084,6.053261800345199,-4.64369231252457,13.813759450090618,13.782941608076122,13.798929535795539,0.030711373593246546,0.05408864782468815,0.133564749639339,0
206.9942586399108,0.8589094910350878,0.8917623325625659,0.21164014635375875,294.27952707464124,0.8170074611250417,0.8465889464771112,0.19981201217577232,70.94070234113711,0.8705429826457978,0.9629090959823818,0.21383457692813979,206.9942586399108,0.8589094910350878,0.8917623325625659,0.21164014635375875,0.6115752919805465,0.11039224698274645,0.9041397372549024,-6.308634377716009,5.932965061191242,-4.680294744614439,13.814094980676748,13.694121633542268,13.801460487087343,0.030317652707379225,0.07484726322027428,0.12844348291768762,0
183.6616945373467,0.8597645925455759,0.8997333019650929,0.21998550080860796,184.97680115434952,0.8264949426217179,0.899316905107032,0.20633679904227029,55.34416945373466,0.8692507306402424,0.969782229264285,0.22153768244274952,183.6616945373467,0.8597645925455759,0.8997333019650929,0.21998550080860796,0.6070847393956688,0.20261189697305163,0.9023184666666673,-6.45954206040049,6.0757353016695275,-4.77856419823421,13.814605373415693,13.782801233716278,13.799291554840853,0.023570668049149493,0.0630210430277204,0.13492024009298403,0
133.2489632107023,0.8697369548971938,0.8981324875428167,0.18040900818084527,163.39655037415693,0.8012690666021891,0.8752891256703267,0.16169905548984756,51.2647491638796,0.836154702470669,0.9607621598204048,0.172446956250009,133.2489632107023,0.8697369548971938,0.8981324875428167,0.18040900818084527,0.6279616382809626,0.11281837909853586,0.9019330509803921,-8.48076132851265,5.599006840289836,-4.611075260299242,13.813816070644235,13.69981290625782,13.808267130770966,0.033090502228671756,0.07294642460069078,0.09717650287128682,1
158.81141583054628,0.8616109302983797,0.862752685401469,0.23204299889533622,184.76490195859105,0.8131369115262308,0.8408144430868194,0.21230242154042347,39.103110367892974,0.8626383223637035,0.9662019774750069,0.23183981587955685,158.81141583054628,0.8616109302983797,0.862752685401469,0.23204299889533622,0.6051605325403592,0.10318095879046683,0.9342857803921568,-7.120042465263155,5.572208255930037,-6.108178930234235,13.814059021908397,13.620428301421894,13.809424829953846,0.029426175171317393,0.09084161010468378,0.08990836876858042,1
93.00991081382386,0.7992402898948043,0.928414824655915,0.09718024077519855,96.09601682307805,0.704601646266949,0.9260261625289588,0.08129286989230317,24.023411371237458,0.7631050559918565,0.9814862354253772,0.09039538848353836,93.00991081382386,0.7992402898948043,0.928414824655915,0.09718024077519855,0.6240011235066535,0.08882277467935679,0.8014301803921572,-5.953231828438775,6.5705137968637946,-3.002674820169601,13.811375621488311,13.713905998147746,13.805988338256322,0.05051245905931922,0.053460787143992015,0.10093123622366659,1
70.99853957636566,0.8558699046483843,0.8864240404975942,0.37731667950575243,63.85665708437267,0.8130087702890693,0.8981599873759594,0.36032765981129633,28.699297658862875,0.8384137687553262,0.9541417602603236,0.36761724084560793,70.99853957636566,0.8558699046483843,0.8864240404975942,0.37731667950575243,0.20085164615559287,0.03093045463000333,0.9002809960784317,0.6169219682682194,2.872675154654531,-6.151655014187715,12.83864443695377,12.551430472867851,13.812633733107345,0.2613716781070937,0.05749216620832033,0.06209159580782311,1
91.61292084726867,0.8369097760785341,0.9372690520257113,0.20522265075283258,103.74656883032628,0.7872675576534498,0.9291552879024461,0.189128826281965,29.587224080267557,0.8300126362100484,0.9797350374482372,0.20212852169426707,91.61292084726867,0.8369097760785341,0.9372690520257113,0.20522265075283258,0.5888897003843973,0.10165576093749198,0.972174635294118,-3.2035436608340304,6.6795500677784645,-5.291996647030835,13.81154053171675,13.738844987328937,13.806937877559506,0.04909188522420956,0.051274762931707525,0.10946378802977093,1
113.86132664437012,0.8122605147768966,0.8462022639102579,0.18409377586943088,217.4669187145558,0.7436579717719126,0.7071128851923595,0.16235668157176777,57.00720178372352,0.798460908649912,0.9230189151247729,0.17906664817037934,113.86132664437012,0.8122605147768966,0.8462022639102579,0.18409377586943088,0.6178091415687614,0.05999032802496836,0.9325829725490198,-5.842955742341737,7.81769748969741,-5.853750863964697,13.810440831602284,13.639066174171043,13.811442926853587,0.05498085445850354,0.053928148983626634,0.07597674306116832,1
132.45707915273132,0.8182230354313891,0.8923966736787984,0.14900118336636267,159.59724164159235,0.7468824318300494,0.8706622717930398,0.1316206722087989,73.30057971014493,0.7985096589552719,0.9404595898493051,0.14399215684654332,132.45707915273132,0.8182230354313891,0.8923966736787984,0.14900118336636267,0.5998588343592839,0.07952245976482962,0.9680732705882352,-2.58160239620747,8.478132825032837,-6.522167612465573,13.81072404639918,13.719514822675983,13.808111900478687,0.05517880936145536,0.04490411119535135,0.09811609862167023,1
122.37441471571904,0.8530970457003701,0.8301401196912184,0.2180462529138011,145.95710338810525,0.8019976828479602,0.7979850996665049,0.19809026828576518,37.0151950947603,0.8483291129623008,0.948610708189251,0.2151466890784664,122.37441471571904,0.8530970457003701,0.8301401196912184,0.2180462529138011,0.6130395789821876,0.08791222418345487,0.9529742666666666,-8.340219045639785,6.39554829053364,-6.0869275796401805,13.812801350985957,13.753246762092113,13.811055635502331,0.03934993468604584,0.038949650504838985,0.0803742222749786,1
79.65985507246377,0.8180288692443143,0.9323440079016013,0.13856016016072595,84.23508685585172,0.7683623675250908,0.928622953383464,0.12561382737266652,26.59948717948718,0.8269933483274815,0.9774209629019053,0.13932805187517303,79.65985507246377,0.8180288692443143,0.9323440079016013,0.13856016016072595,0.5499742704171285,0.14911141089070987,0.899657952941177,-4.846735813741839,2.20457813731322,-5.661100686988144,13.788479914640503,13.701193095337842,13.808838930514508,0.09447803120035561,0.07097665756256093,0.09061512853693335,1
130.08217391304348,0.8047984742551408,0.8955668448053538,0.11889971541712269,189.41345175109905,0.72895811498424,0.8482807884471493,0.10346901672932952,33.10759197324415,0.8044268137411624,0.9734327544871398,0.11737967378420065,130.08217391304348,0.8047984742551408,0.8955668448053538,0.11889971541712269,0.5998679094881736,0.1974810185490655,0.9019879019607844,-11.308709764108464,3.492420677043479,-5.543013517595248,13.814346855962041,13.735556847181613,13.80832294868229,0.02543456527974833,0.08900382185849086,0.0941556247873126,1
206.20384615384614,0.8057230557729164,0.8984206111532941,0.17720505505713666,254.95456426661895,0.7639490142069272,0.8747423160292979,0.1653380988539866,75.01171683389074,0.8239832394379041,0.9630450162732996,0.17955754279753944,206.20384615384614,0.8057230557729164,0.8984206111532941,0.17720505505713666,0.591220583287614,0.1610710915942791,0.8236649058823527,-6.06655419186354,4.681588089345619,-3.665038574244236,13.81224337537932,13.754374981130937,13.795939965969357,0.04260966411376447,0.0685957396656894,0.13933440953809187,1
161.98202898550724,0.8655194071884367,0.9025752265501024,0.2651643943454331,205.3139674052863,0.8220559667411136,0.8769121528666466,0.24349818060549072,47.320055741360086,0.8681371353011441,0.9715380648083753,0.2628624813542388,161.98202898550724,0.8655194071884367,0.9025752265501024,0.2651643943454331,0.5886417215119876,0.028992054718701442,0.9598229490196076,-3.0340538345762096,7.321560133639002,-5.546457872695747,13.761925402770293,13.042421537126732,13.805850444168177,0.14809100902506955,0.06291822104554028,0.1123816806453983,1
156.3778037904125,0.8749879501791307,0.9117932770217206,0.2296104866766136,152.74470084227247,0.8187656977175866,0.9140739039264014,0.2081778610362745,56.409721293199546,0.8544070385430631,0.9681692197018456,0.220221402735348,156.3778037904125,0.8749879501791307,0.9117932770217206,0.2296104866766136,0.6213025220597491,0.08099411714803567,0.9005986039215691,-8.6064637984106,5.7366380462381406,-4.883489368520048,13.813806516553953,13.606376034339124,13.804203835473986,0.031924369625654175,0.07665453558094747,0.11629444896057117,1
124.58104793756968,0.8828218234801913,0.9290779520273097,0.23219914905051228,216.24414715719067,0.8208265387146771,0.877213064629347,0.21839449440902634,104.57685618729097,0.8470237907602038,0.9404492689056286,0.22419589120540248,124.58104793756968,0.8828218234801913,0.9290779520273097,0.23219914905051228,0.6214467650778902,0.07567029254404604,0.8685927529411767,-7.955493956391806,6.211536973503155,-4.723606565619258,13.813836902088097,13.651321938347696,13.802547969676402,0.03244350859197833,0.0626349157907149,0.11884707303885228,1
144.56340022296544,0.8412716555836061,0.8731178059804793,0.17758488051306776,197.01157705171084,0.7910740547468004,0.8275790648825184,0.15998485730752202,47.325997770345595,0.842190461042014,0.9584591647422028,0.17387039271340948,144.56340022296544,0.8412716555836061,0.8731178059804793,0.17758488051306776,0.6373303885375641,0.09953384681117047,0.8842739921568638,-6.674282658569684,6.471506233994449,-4.378747583258494,13.812208722178566,13.73773733580804,13.807408115152185,0.04573338049145124,0.05103382278498812,0.10025434730560484,1
83.83044593088073,0.8361778098611657,0.8787232117853009,0.2383732055317949,85.68686032594714,0.7862640090758419,0.8763327125809887,0.21791178077231585,23.541761426978812,0.8443315533214398,0.9659328895509346,0.24024339535289446,83.83044593088073,0.8361778098611657,0.8787232117853009,0.2383732055317949,0.6114791638570856,0.11845729845252977,0.8831416196078434,-9.171209502073898,6.90314215711655,-5.751249735574031,13.812431465586611,13.78042238448935,13.810295575135399,0.04028249949145588,0.03782913025330978,0.08012589042858713,1
188.8607023411371,0.8507220292433351,0.9058332892674207,0.15647976271912856,317.2151653784633,0.8049823680436177,0.8423241206459473,0.14398373648479557,93.67831661092531,0.8575015806746691,0.953305223980726,0.15720214067970337,188.8607023411371,0.8507220292433351,0.9058332892674207,0.15647976271912856,0.6126539500151675,0.10454620686797597,0.8976661176470588,-7.616505022942755,5.44925500142089,-4.302279576505224,13.813530079911878,13.651758783007896,13.801697460111768,0.034400907593279344,0.08341365993701583,0.12838919758830455,1
122.99522853957636,0.8858447904012767,0.8830402149627705,0.22159997354187075,134.30930302793033,0.8563255039073449,0.8726800118650856,0.20861748375938519,59.21929765886287,0.8939453504796591,0.9436823824519444,0.22337401152813852,122.99522853957636,0.8858447904012767,0.8830402149627705,0.22159997354187075,0.5885573728791199,0.13193583384501778,0.9447463098039212,-10.387245775373247,5.673000690464829,-6.600132774278453,13.810564569555046,13.722825721764895,13.809629749940836,0.04442819967015485,0.07135686623489093,0.08831341034706065,1
146.40346711259755,0.8288089934858126,0.8948152112389848,0.13918910671887558,144.2768649120256,0.7232501066720183,0.8965560085152505,0.11686854847333444,52.571917502787066,0.7690305956904602,0.962222015767267,0.1261391959555502,146.40346711259755,0.8288089934858126,0.8948152112389848,0.13918910671887558,0.6605475895455176,0.0558679477353216,0.8617071568627453,-5.317895080323197,8.361588334693346,-4.1716129655370535,13.806472222191461,13.629117840160527,13.805400225768164,0.07601284827211408,0.053500701203272445,0.10759985093972507,1
142.79778149386846,0.9214103417726938,0.8907917192449721,0.5164618714469503,220.21592599635352,0.9059103391133168,0.8321246418148687,0.507525212351043,62.453489409141575,0.9293627360230476,0.9522354604254604,0.5199646328378681,142.79778149386846,0.9214103417726938,0.8907917192449721,0.5164618714469503,0.6206132424925154,0.052256496730989505,0.9787703921568628,-8.07985605084689,8.400780551969621,-6.0661897921144785,13.812269867466778,13.61590323818551,13.808517054966032,0.043004384242458275,0.051978099186426215,0.09965831332123307,1
78.66779264214045,0.8112398600129529,0.9256417455594819,0.24029728631995906,136.40372031632756,0.7642671046391345,0.8714433675207414,0.22043262667142322,73.33522853957636,0.806570002080324,0.930678500925518,0.2387550867349341,78.66779264214045,0.8112398600129529,0.9256417455594819,0.24029728631995906,0.6146681623586874,0.08396371304136398,0.8261067764705876,-5.5426567446291815,7.2311586876513925,-4.593907861479756,13.809575824514935,13.718977205726379,13.807545938749536,0.058579937915711054,0.05077363365877423,0.09277511692242424,1
89.11569676700111,0.8978899515649565,0.9253650970326982,0.19297428006607772,127.34980593058243,0.8370385179371533,0.8936036004990335,0.17241695322762315,53.610256410256405,0.8667766302582642,0.955079213199751,0.18244546794352223,89.11569676700111,0.8978899515649565,0.9253650970326982,0.19297428006607772,0.6209243183977398,0.09448619231425376,0.9257707764705886,-10.41121986116611,6.679498584310275,-6.297480853697281,13.814168551939451,13.721445579007955,13.808230425326771,0.02825318463618503,0.055032636723809994,0.09490855647827759,1
108.47791527313265,0.8187246924210614,0.9065863365536216,0.14320239014581393,110.80510285119854,0.7482594712893399,0.9047548365071209,0.12417106856851597,17.9270011148272,0.8091584009159059,0.984549749079907,0.13560395694659735,108.47791527313265,0.8187246924210614,0.9065863365536216,0.14320239014581393,0.6373969598036785,0.1055583633180041,0.8494927411764713,-6.311460509174528,6.266502338460461,-4.423362229342828,13.811480625244632,13.764319471728198,13.80614757641723,0.04998960483789752,0.04235907375004346,0.1025296045670174,1
90.21520624303233,0.8664406671993732,0.9051135693694782,0.20214209600876876,131.09964094361362,0.8023013536513903,0.8623540931993552,0.18325407597968824,29.708004459308803,0.8451051050556492,0.9687179614377142,0.1992286602430176,90.21520624303233,0.8664406671993732,0.9051135693694782,0.20214209600876876,0.6030050855531861,0.12033599247474237,0.9298624784313726,-7.774159018566833,7.0739374899834955,-5.4520608237944455,13.81296953351344,13.771409566702964,13.80924097232654,0.037513273551405296,0.04550745218915637,0.09181317830184618,1
120.44377926421404,0.8401056832285363,0.9101718726402798,0.2471143960710497,106.62639120367783,0.8088015393097214,0.9207212972149966,0.23394826264951385,43.52859531772575,0.8337889215692298,0.9675334901025144,0.24354561029218796,120.44377926421404,0.8401056832285363,0.9101718726402798,0.2471143960710497,0.5894977899083494,0.09164569630235134,0.9289066622401936,-6.763875675441695,5.632054995339656,-5.650716938673188,16.427111181805504,16.324710312241177,16.421223973678735,0.04017455762892243,0.05610538972062347,0.10491451941456116,1
190.96159420289854,0.8186940183897586,0.8709890895827253,0.14990548229822728,241.26451605686736,0.8000174257454231,0.8374814573377742,0.1456217838601901,46.5728093645485,0.8327501691096133,0.9685503123386507,0.15230872495960357,190.96159420289854,0.8186940183897586,0.8709890895827253,0.14990548229822728,0.6001116567759333,0.06421856847943942,0.9215279942891395,-7.122274193265453,6.063319419661677,-5.27548635047504,16.08370343796212,15.919350209761289,16.078340733381047,0.04395727756883001,0.0529582457083382,0.10698400928767944,1
72.17702341137124,0.8201107875293768,0.8871036585137115,0.175442395009897,125.59293520206711,0.7892436231780728,0.803974405669523,0.1660636063720479,58.51192865105908,0.8104747031871409,0.9084204636806069,0.1724033547267596,72.17702341137124,0.8201107875293768,0.8871036585137115,0.175442395009897,0.5970586114435844,0.10960036692672195,0.9632013944678206,-2.6974619921875975,7.773199485303075,-8.024047135891585,16.172327797717788,16.09499126806926,16.171430226832936,0.03377067719456425,0.05918104256544047,0.061987772657575886,1
183.26445930880712,0.834084359425772,0.8510016835130617,0.1630640246608568,166.40983881612064,0.81610441958757,0.8651175260556003,0.15784294280868014,89.57989966555184,0.8369521706190555,0.9271888263609057,0.16346942617264695,183.26445930880712,0.834084359425772,0.8510016835130617,0.1630640246608568,0.6073415616557836,0.04474833029955924,0.9120759726179979,-6.176298537041285,7.552292670065216,-6.187089481336211,15.601765321265379,15.222771651897732,15.597580830064697,0.049091244529888445,0.06771738989134474,0.09968366860783423,1
122.20360089186175,0.7957322246083589,0.8850323697129638,0.1873914336780833,171.1858815896914,0.7682624891491294,0.8393995433021483,0.17854071806551708,45.0,0.7982725275638916,0.9576518798490062,0.18733767152118977,122.20360089186175,0.7957322246083589,0.8850323697129638,0.1873914336780833,0.6077307003641668,0.07382364234904977,0.9251019901981599,-5.644951108756267,6.640725360682527,-5.84478210387749,16.378713966811116,16.166310025080218,16.377601427015787,0.05585830675979961,0.0740405356566983,0.09176415096831393,1
114.0736900780379,0.8995748598562039,0.8492597123218389,0.24012526652261015,129.99675618840953,0.8556409635077622,0.8287548768102764,0.2198031184301311,32.10414715719064,0.8948682089143234,0.9575746599512288,0.23473412471933158,114.0736900780379,0.8995748598562039,0.8492597123218389,0.24012526652261015,0.612626521050699,0.0691473102126112,0.8703782901960789,-8.598054259846059,8.862936775933608,-7.242736505171195,13.813635992467688,13.702524883669021,13.809790406471182,0.03326087736386917,0.04890392133047614,0.0789778867037135,1
99.4753065774805,0.9032862050507492,0.8944438728640577,0.25113847613887347,152.06001051442377,0.8724709734429187,0.8391594118160186,0.23831146112905519,64.96442586399107,0.9134618710934742,0.9310601451819535,0.25369001226818566,99.4753065774805,0.9032862050507492,0.8944438728640577,0.25113847613887347,0.5847200312666694,0.034053094042685014,0.9771195215686269,-3.61805913201759,9.10812746435628,-7.3582503234050645,13.780840639885156,13.380755957694848,13.810587497637519,0.1184049994571177,0.050819669517538704,0.08291218452471724,1
144.0370568561873,0.8326385337191257,0.8761126270490921,0.22169001332548777,133.0098097336719,0.7697312584662019,0.8858658307550159,0.20449137279509935,45.00649944258639,0.8131244932330717,0.9612683924702331,0.21510455440719162,144.0370568561873,0.8326385337191257,0.8761126270490921,0.22169001332548777,0.4754332669794287,0.051648890856914355,0.9430436196078431,-1.2700465014090232,6.060640597727746,-5.979081867694249,13.571980408895513,13.335591983171263,13.809393722225124,0.2526700836138154,0.06500354047991727,0.0910067113629153,1
70.85678929765885,0.8856546741076986,0.9013636549604164,0.20840962313491773,99.92946387624302,0.8312187287167924,0.8612496936149486,0.19144751924630604,36.97702341137124,0.8662092645312836,0.948514950414962,0.20247167475731254,70.85678929765885,0.8856546741076986,0.9013636549604164,0.20840962313491773,0.5420081468679522,0.06492363623219309,0.9877587725490194,-2.6336841109582356,3.3235787300891104,-7.28547385556467,13.732515231730208,13.583699356267145,13.812221869402865,0.16439079000255155,0.04561405269269838,0.07102566074517053,1
145.187502787068,0.8452611930456867,0.8912935063225936,0.1932365567739398,241.7245556537399,0.7813260300577383,0.819558957908377,0.17261194195635712,71.97891861761428,0.8327004707516842,0.9461087343578761,0.18823301415383817,145.187502787068,0.8452611930456867,0.8912935063225936,0.1932365567739398,0.5920529320430126,0.12953202379505477,0.9654229058823535,-7.134309195870186,7.428550022759883,-4.856952019851972,13.813253077874052,13.75494814691962,13.807783672200733,0.035558039785873574,0.058701367659925265,0.10615966026060447,1
85.48187290969899,0.8988808386286563,0.8666334040785,0.3020273524776764,79.60082101989912,0.8649417518939287,0.8761843733932874,0.28691269766802246,27.712552954292086,0.9001734085199455,0.9567607127329402,0.2998223920333544,85.48187290969899,0.8988808386286563,0.8666334040785,0.3020273524776764,0.48763107734411737,0.0832136055515111,0.9210223019607843,-3.4614950518439698,3.0652161638955784,-6.6593670572536325,13.752328294742659,13.67349412776154,13.812234427760362,0.12574616106752365,0.045218137878965455,0.06711744678563383,1
144.85897435897436,0.9331713685123699,0.927401818099789,0.9145405685458695,175.41584546034161,0.933957880095771,0.9123695019404854,0.9149747098298476,47.40936454849498,0.9473136268763526,0.9762401074113927,0.9228649600252701,144.85897435897436,0.9331713685123699,0.927401818099789,0.9145405685458695,0.033383578184049106,0.014328511788501912,0.9778392745098033,4.160369095757581,7.452508024991423,-5.781621347887368,11.04063472149145,10.529407912228482,13.805192778060686,0.13344512028109806,0.08147812299490655,0.1165700928043107,2
117.490635451505,0.9009621465253188,0.8739944872831484,0.3493287595454143,131.45586738403375,0.8728280288394444,0.85947344708736,0.33427966874513904,63.23303232998886,0.9153685849283979,0.9321854025624665,0.35333132617084556,117.490635451505,0.9009621465253188,0.8739944872831484,0.3493287595454143,0.5479743072709651,0.02239404716894319,0.9812428666666667,-2.2810427702885234,9.070525018927546,-7.924131214632063,13.722462664766184,13.041708489887341,13.810576776250198,0.17895971793675372,0.05188849224311339,0.08182173587742574,2
86.10276477146044,0.8568220511448773,0.9223085292365184,0.171678766280116,115.34759119025514,0.799554183137692,0.8961446226949618,0.155009835597679,86.97773690078037,0.8510570289519293,0.9215066847228073,0.1695150249643778,86.10276477146044,0.8568220511448773,0.9223085292365184,0.171678766280116,0.601587381145211,0.06618749667665336,0.9107785254901968,-4.413065305116407,4.261139368421235,-5.948092240727252,13.778683725888076,13.657656848012255,13.808891863159687,0.11956180117128934,0.04274146592397379,0.09040399903896085,2
84.73691192865105,0.9123414772934364,0.9221210010726031,0.3352283189836143,145.05620742497285,0.8684791551811125,0.8671035254371899,0.307989784678829,62.154013377926425,0.8981274658621692,0.942871555060071,0.3246135845691516,84.73691192865105,0.9123414772934364,0.9221210010726031,0.3352283189836143,0.6094168867935141,0.0805675014508799,0.9345692509803919,-8.8856116589753,8.708330882955769,-6.742572976624587,13.811372323295615,13.688678331552342,13.808171035684955,0.04638407878395216,0.06084261044091165,0.09432761039244353,2
142.31573021181717,0.82162900302518,0.8965750902874801,0.12370748173292632,191.8949116900258,0.7624643686002062,0.8609696012941537,0.1094636282170892,36.40624303232999,0.829006628708699,0.9735721838961662,0.12359168994646244,142.31573021181717,0.82162900302518,0.8965750902874801,0.12370748173292632,0.6060420799092372,0.16206673187722212,0.8527848627450982,-12.725510998752933,6.55515415294513,-4.942364581223778,13.814606860096806,13.76372584094903,13.80490333788632,0.022072072131121723,0.06623087875854815,0.10593677593212254,2
68.635005574136,0.8280869635205665,0.9369991159594669,0.10960539337515425,140.15682151206363,0.7202520482787731,0.8714176608886846,0.0925143145303276,45.837725752508355,0.7773883780195006,0.9579307033939438,0.10029585347141486,68.635005574136,0.8280869635205665,0.9369991159594669,0.10960539337515425,0.606841772651889,0.0831680676172199,0.9520773019607843,-3.9837889826925537,4.653373549033878,-4.875642717106034,13.774480007196052,13.693865249552553,13.810520032548823,0.1286150320736205,0.04212056696873509,0.08487144469897479,2
174.88653288740244,0.8720305015982361,0.8909040499997632,0.24741329409190876,196.9144752295836,0.8164036443065472,0.8774913666019563,0.22761704204172833,48.44785953177257,0.851545024163118,0.9697663813715434,0.23838291689254887,174.88653288740244,0.8720305015982361,0.8909040499997632,0.24741329409190876,0.6196775517000822,0.07828001661933114,0.8870683921568626,-7.310200276482768,5.409626453330336,-4.362522640186418,13.809438746256514,13.625484027441926,13.80538988811245,0.05616412559281989,0.06839892114784385,0.11138623528488789,2
45.54006688963211,0.8515420292481178,0.9633520955740122,0.2173381211565681,71.91940806031253,0.7673552236840065,0.9421640363355048,0.206188869818239,24.474136008918617,0.7962684445050471,0.9802832050997633,0.2104124746942964,45.54006688963211,0.8515420292481178,0.9633520955740122,0.2173381211565681,0.4815656033076627,0.088786446774445,0.8929754431372555,-1.3763217678693604,0.9040543971533764,-6.135206521112831,13.589013862407237,13.452818899635915,13.809756036502636,0.24512452758216474,0.06805893463246782,0.08301391187471,2
96.90802675585283,0.8670497930797456,0.9188954760588055,0.23517184721575227,84.49110188924062,0.7962608737771252,0.9294364348125255,0.2186061936626007,33.48454849498328,0.8298457424034423,0.9719569893771948,0.22472268130238496,96.90802675585283,0.8670497930797456,0.9188954760588055,0.23517184721575227,0.4794887083287261,0.045672132310009335,0.9195566823529409,-1.3943915070194226,4.8148177321144665,-5.794934322712998,13.599493288302552,13.376360284894108,13.808732452313896,0.23909802725417345,0.051099469627191606,0.09194555915621361,2
213.98754738015606,0.8292523090533495,0.8535826859528692,0.16427784239439597,204.17211216876768,0.783548303972137,0.8607144157259948,0.15033748856661067,28.860523968784836,0.844963307671061,0.9802564301624095,0.16758511305649068,213.98754738015606,0.8292523090533495,0.8535826859528692,0.16427784239439597,0.6118433836962672,0.0686933508672401,0.8803598823529413,-6.355622552391486,7.149779645437767,-5.237151486619356,13.809136918998975,13.619199307896775,13.804853766638471,0.058757481190897236,0.06605493575618702,0.10930399163676198,2
129.80950947603122,0.7732523624893433,0.8801787045656772,0.11838901446155947,132.33645037527543,0.6972906590282262,0.8781061591261042,0.10283310358723535,28.88695652173913,0.7764088090393265,0.9733405326378599,0.11784825246531304,129.80950947603122,0.7732523624893433,0.8801787045656772,0.11838901446155947,0.6329746846821355,0.1447791366460362,0.9569259098039216,-6.369667379087124,4.797100264096114,-4.823256679924873,13.81401168052253,13.780237621330008,13.809359302386257,0.03164653052838194,0.043495680165029776,0.09537204201720816,2
142.914381270903,0.8996725972380534,0.8983520888648553,0.30920077278292624,164.96805404861243,0.8866941734883802,0.8830438411147219,0.3028930459363866,61.747859531772576,0.9181844254101931,0.9560799854924871,0.31623710866196486,142.914381270903,0.8996725972380534,0.8983520888648553,0.30920077278292624,0.6190333289257177,0.047450478088706984,0.9730736196078438,-6.246035845180872,6.9630273186327205,-5.967496370976885,13.810219109669484,13.490929616252872,13.808158446152888,0.05455084611179244,0.05855205895965893,0.10105736383284417,2
40.49829431438127,0.8661134409904971,0.9165794426680117,0.18946222393533393,47.3747832798291,0.8147184943737107,0.9025449803866248,0.17412139122709,19.071516164994428,0.8545232797263095,0.9606837404062973,0.18621140177740816,40.49829431438127,0.8661134409904971,0.9165794426680117,0.18946222393533393,0.5392539465983395,0.11635306947124631,0.9651312666666668,-4.533809982980354,1.8551309561027072,-7.043834485349482,13.790448680424333,13.752359191510816,13.81358678067921,0.09124223111295536,0.03974396430466133,0.05506498158516501,2
103.42619843924192,0.8999605793113845,0.8792553901148917,0.2863352574185002,107.79341394391561,0.8737493917407859,0.8744849506353696,0.27335705021268647,44.24127090301003,0.9023188791052226,0.9484971931177607,0.2866741288102679,103.42619843924192,0.8999605793113845,0.8792553901148917,0.2863352574185002,0.5806678618250403,0.0772717483635346,0.9848229411764712,-6.458052027918841,8.376827976189608,-6.227410484641744,13.81216279455441,13.728699212845415,13.811113375963078,0.04173705509219501,0.04395734689579243,0.0818841830778778,2
78.9135674470457,0.8541640140551049,0.9224735301154179,0.19909669485767434,133.23679824610466,0.8005952590564781,0.8693475521217082,0.1788100020067064,77.1166778149387,0.8343252114803361,0.9241800542359228,0.19103888999632984,78.9135674470457,0.8541640140551049,0.9224735301154179,0.19909669485767434,0.577531277345317,0.0668688163111936,0.9406135529411761,-3.419775728407395,5.989725321707636,-5.154306258424595,13.758367530136558,13.586702314086766,13.81027233187905,0.1445051917157375,0.059638487140643896,0.08651254854232081,2
176.8690078037904,0.8726249490234314,0.8787669058442558,0.18723390627483838,142.85793223789443,0.8154625197272745,0.9023607543508579,0.16899114713473654,93.68733556298773,0.8559494672459612,0.9357640944261612,0.18166686891305867,176.8690078037904,0.8726249490234314,0.8787669058442558,0.18723390627483838,0.6302020647210522,0.03277035633443476,0.9024041137254906,-5.5844827236514645,7.2194601495082695,-5.769154272779782,13.807230953700087,13.246788632957703,13.805912373652651,0.06783487494988384,0.06332727560877069,0.10547216880177845,2
107.1507580824972,0.849316910235174,0.9236360859986021,0.17732195319157237,149.11630742385432,0.794939395849837,0.8940319539643665,0.16080848601653014,46.71940914158306,0.8365346298882897,0.9667039073633044,0.17349220567905477,107.1507580824972,0.849316910235174,0.9236360859986021,0.17732195319157237,0.5848458590234067,0.10322006752895789,0.9665420509803916,-4.949814718197798,6.087492397220732,-5.565824859471097,13.808209785235823,13.712605908139098,13.80751286610368,0.060758894591842014,0.06066100669667912,0.10471929503739935,2
132.29816053511706,0.8767846648049312,0.8286376004259925,0.24298073601142522,148.68437713224685,0.818968285610561,0.8078794991308942,0.22468810012689042,32.830903010033445,0.8532316490708634,0.9574551054109779,0.23574073126486084,132.29816053511706,0.8767846648049312,0.8286376004259925,0.24298073601142522,0.5332966634951724,0.03968791039913746,0.9727544352941179,-1.9717668042155179,7.165698275367781,-6.619647034791133,13.677319889230406,13.471703218953936,13.81168316680524,0.20982005165771173,0.04322280157755446,0.07569781657708555,2
239.82589743589745,0.8728337666819654,0.8846060329502023,0.39991393248112445,245.4059797988837,0.8459842606679961,0.8822880039334452,0.3784063314034451,56.39181716833891,0.8840725781290472,0.9728746461563256,0.40230091993879996,239.82589743589745,0.8728337666819654,0.8846060329502023,0.39991393248112445,0.6143149048302375,0.05004600979845193,0.9566651372549022,-4.594235324028961,5.831627463744535,-4.5613393282813,13.804806785384722,13.361752938733828,13.803623780437317,0.07708048182230896,0.07419721084541911,0.12712334931682945,2
115.29502787068004,0.8004671225473189,0.9244997932123868,0.33067147994679,126.88917349917787,0.7358170414268919,0.917017135018203,0.32399097396517945,18.214381270903008,0.7880686420091142,0.9880675158670508,0.32730935095045943,115.29502787068004,0.8004671225473189,0.9244997932123868,0.33067147994679,0.4007628763107767,0.06401268464437268,0.9573950980392159,-0.6079629481593415,1.6502292783930654,-4.66188883341791,13.405218776827175,13.289646533382061,13.809232352120734,0.28834278445435735,0.060861638634032676,0.09654123667978191,2
84.1501226309922,0.7730431701605903,0.9058239080005126,0.14280574240200258,125.36212122906905,0.7152373433802585,0.8600601942456128,0.12844257184033764,43.3009364548495,0.7875686916300543,0.9515248961500722,0.147372633330069,84.1501226309922,0.7730431701605903,0.9058239080005126,0.14280574240200258,0.6026974102630616,0.10314725635119289,0.8796578941176478,-4.9303329671934595,5.7490289197041236,-5.581244561376943,13.80885592557474,13.753355135446236,13.8094577122739,0.060813343324251944,0.04451291275957629,0.08517551748156225,2
112.09095875139352,0.7890288564762844,0.856164083843192,0.183727168668029,85.24950503909352,0.7082754930741679,0.8909006564917925,0.16792157034842464,26.868595317725752,0.7725349089487377,0.9655241884772606,0.18162755978474288,112.09095875139352,0.7890288564762844,0.856164083843192,0.183727168668029,0.4807724218059292,0.0638497202768296,0.9858495215686273,-1.8878886547631113,4.141975303439464,-7.624647705757419,13.6827492644222,13.469877511884516,13.811855620172308,0.18689713904360003,0.057410746817636645,0.07282886245580755,2
69.58053511705685,0.8787345764896286,0.9024830223238783,0.18317972585569922,95.6971622241362,0.8457435155346269,0.86623545278711,0.17579165837993044,39.04617614269789,0.902135039181661,0.9453838527138697,0.18773176399812905,69.58053511705685,0.8787345764896286,0.9024830223238783,0.18317972585569922,0.5518363984656913,0.04090159897111873,0.9345653019607844,-2.4157240539188543,6.57611891156053,-6.742897947160459,13.710581259071015,13.57661211957949,13.811894134637228,0.18731014042328584,0.03286157830148249,0.07050537124509199,2
143.31338907469342,0.8843736066729171,0.8776970921007005,0.2975746121878206,119.11147526314026,0.8652946492286764,0.8986605189362434,0.28593684108408846,33.80590858416945,0.8979171456037848,0.9711486856756648,0.30142218104013435,143.31338907469342,0.8843736066729171,0.8776970921007005,0.2975746121878206,0.6214155189931917,0.029554972502031988,0.9682855882352943,-4.612764425676449,6.954214130702225,-5.136563623744003,13.807085114508936,13.463709309020224,13.809747664248317,0.07027191088314168,0.03961762478365698,0.09338805542935455,2
157.2365663322185,0.7608825410508189,0.8688748768045548,0.11960278870106396,117.63254326014251,0.7339569370559557,0.9021332812590941,0.11384577619598159,64.14328874024525,0.7580569274295296,0.9465078773492737,0.11899351069071902,157.2365663322185,0.7608825410508189,0.8688748768045548,0.11960278870106396,0.5967458776491935,0.07389538383935931,0.8645650439638309,-7.715926436600174,7.003548238597774,-5.171442284239367,16.290281148297343,16.184213016120587,16.28697040793415,0.050739145176483376,0.04771220022844114,0.09897378200423766,2
121.5529988851728,0.7904646475876234,0.9284064165313328,0.11487277753627001,164.66992539233343,0.7634179019473983,0.9032824337077248,0.10943458936282606,41.57102564102564,0.80303271125444,0.9755304889205109,0.11568795482553534,121.5529988851728,0.7904646475876234,0.9284064165313328,0.11487277753627001,0.6080395704309589,0.06205476922385548,0.9017250047953742,-6.247664128096052,6.452073663960994,-4.693347536951999,15.59860881659329,15.387647791351817,15.594740018268087,0.06257434657566202,0.06097503786476044,0.11593800295023068,2
191.1471906354515,0.8120532696098847,0.8280851800320479,0.18276458700450615,241.94007897003388,0.7844173689485245,0.7830958992802924,0.1744439992786715,49.17377926421405,0.8221897551067157,0.9557903958109092,0.1832369267843753,191.1471906354515,0.8120532696098847,0.8280851800320479,0.18276458700450615,0.6104128431798498,0.12163781599171332,0.9065660666900363,-9.236050288192184,6.986380209588394,-5.779824822160361,15.602991719712833,15.525598255059696,15.597627452538344,0.04042722383634565,0.06678886752570957,0.10009079491423754,2
156.2768227424749,0.8163476145870365,0.833373226348302,0.16727201171115774,214.25400163309135,0.7761538914557073,0.7722046018153728,0.15704284705560337,44.68928651059086,0.8177882115742687,0.9523582985840339,0.1672885135991886,156.2768227424749,0.8163476145870365,0.833373226348302,0.16727201171115774,0.6109867373297843,0.085220461556071,0.8856593572778826,-9.792692852449868,8.596848852019255,-6.033724763532067,15.478788770717566,15.385702234577701,15.474115193499657,0.03673723546052368,0.054094480741113025,0.09072645738848076,2
132.13942028985508,0.7942790522630527,0.9011574481042094,0.14803840218203734,143.77267592085101,0.7693491932791656,0.8927718786526346,0.14161467558550833,17.747915273132666,0.8022537113909519,0.9867255383934551,0.1483156323897087,132.13942028985508,0.7942790522630527,0.9011574481042094,0.14803840218203734,0.5975869009838083,0.057272679457546286,0.9081821902648147,-6.052999480735705,6.185113033388886,-5.515757535072875,16.291153130122062,16.148518218888384,16.286995530291023,0.05027466884078548,0.04366378943167708,0.10261265195664343,2
142.72278706800444,0.8777039518401467,0.8470866390427928,0.2823830955235149,160.87936376550599,0.8366175866606802,0.8280950549293643,0.26917263187616614,25.91657748049052,0.8741896352693678,0.9722221108681496,0.27886181508498814,142.72278706800444,0.8777039518401467,0.8470866390427928,0.2823830955235149,0.4952205653232897,0.04367879876465463,0.976139235294118,-1.4953975345749417,5.769578632238301,-5.794052971430361,13.609008702052556,13.418594913439655,13.81110068114453,0.24012062753300314,0.04825212579884152,0.08237141096291324,2
88.2893311036789,0.8590467810257808,0.8867778770251222,0.2349338301626293,200.62932181966644,0.8045932269376166,0.7435076450498587,0.21184015632230904,85.49433667781494,0.8477586514573912,0.8903612200028049,0.22944351970816118,88.2893311036789,0.8590467810257808,0.8867778770251222,0.2349338301626293,0.6029716686685811,0.08738282359992186,0.961820396078431,-6.8212542672045755,8.00571071718742,-6.500714102175908,13.811880674768188,13.737467615158035,13.810713741474466,0.04494780142497901,0.0465476473953673,0.08216768807257878,2
65.61872909698997,0.9158547242578646,0.8991309172768501,0.4683493603504265,63.983814498719255,0.8970648827830707,0.9019536323060722,0.4537260697186495,38.497770345596436,0.9159516399244592,0.9408175046471737,0.46279085509016193,65.61872909698997,0.9158547242578646,0.8991309172768501,0.4683493603504265,0.36834804754847206,0.022074319005012017,0.975038870588235,-0.4957906854483168,6.139395981539914,-6.525459161143356,13.39733951174604,12.791026544384952,13.81274087574328,0.27058167550925194,0.050169815476726234,0.06589013268168294,2
75.23598662207357,0.8559165902323068,0.8368471131087369,0.25033248857906654,75.03365734164048,0.7933925328314961,0.8378161485469579,0.22093331829062768,43.584503901895204,0.8418692595837658,0.9054984470728424,0.2423208527841911,75.23598662207357,0.8559165902323068,0.8368471131087369,0.25033248857906654,0.613749537989586,0.07466110935206816,0.9595015176470586,-8.905672083648813,7.415023780281763,-7.312854248939625,13.812509709089728,13.732381335684668,13.813392339049221,0.039799157339528705,0.0405027272377134,0.0571126645895661,2
115.09461538461538,0.8651580464847786,0.8459162835731667,0.21332750948182752,124.93755103410477,0.8212377269359734,0.8332517290015915,0.1950298504266119,46.612530657748046,0.8700039193462048,0.937607180800036,0.21248391103219233,115.09461538461538,0.8651580464847786,0.8459162835731667,0.21332750948182752,0.6184679833009021,0.06284142030635492,0.9219964078431375,-6.909225154384591,8.668160742415076,-6.656213409743124,13.808846149590979,13.726685364734248,13.810920239701597,0.05923170220029281,0.037624104946038295,0.07773646869310559,2
58.61619843924192,0.9035616405537887,0.9386243973217915,0.281663674072971,113.59138040961511,0.8659034486372751,0.8814238865067795,0.2641079253794399,66.65270903010031,0.8954996445418354,0.9301976411628429,0.27922728045011525,58.61619843924192,0.9035616405537887,0.9386243973217915,0.281663674072971,0.6133174295956505,0.0888060283192099,0.9301898941176471,-9.464266949189993,9.186957624466569,-7.063921060780857,13.811684386040039,13.708461682001001,13.808991012465274,0.04474553686887799,0.06023870858372153,0.08835753983254971,2
53.740613154960975,0.8959004062770076,0.9289998000850199,0.3011525669587754,64.41281417433808,0.8595737892948886,0.9151696785988437,0.28217761661673935,19.226878483835005,0.8984816860170496,0.9745961737792328,0.30043533869800476,53.740613154960975,0.8959004062770076,0.9289998000850199,0.3011525669587754,0.4281812341921105,0.018452180152118178,0.9695224078431377,-0.7571334098832256,7.952882034379255,-8.194371759168154,13.48918995494653,12.70797578653796,13.811498303698526,0.27425958366120773,0.05157175380988241,0.07442749740632462,3
144.81809364548494,0.8506722583116938,0.9184929334756773,0.3253925902336606,172.2653885303297,0.8230529602412863,0.9033394751939287,0.312986085096804,77.76558528428095,0.858831904549692,0.9562237267637613,0.3258242121490157,144.81809364548494,0.8506722583116938,0.9184929334756773,0.3253925902336606,0.4246364050902078,0.030903448492546334,0.9694803725490198,-0.6788893891969354,5.178720737899636,-5.060722562653292,13.487261204708782,12.521155369042303,13.806602184247973,0.2752201380633882,0.080781192809061,0.11150300857630815,3
94.2309476031215,0.8557401666337764,0.8854387032138894,0.25818413487294317,119.15768279996868,0.7981075955885384,0.855509215530039,0.2395886708769638,23.00122630992196,0.8429066706713544,0.9720291525790531,0.253282396151335,94.2309476031215,0.8557401666337764,0.8854387032138894,0.25818413487294317,0.5190134583947439,0.06141263366109534,0.962181917647059,-1.84923822559084,4.588274998990266,-5.827455081806315,13.671917083195607,13.534932476602163,13.81144598790571,0.20974253957258782,0.05165839916924924,0.07820786229780906,3
109.70415830546264,0.8994674295761281,0.9194843842847067,0.30824026789740105,209.1840695294236,0.8588395761568174,0.8469649878217006,0.2906425663765584,87.46928651059085,0.8870869437706035,0.9358034577347684,0.302079873296035,109.70415830546264,0.8994674295761281,0.9194843842847067,0.30824026789740105,0.5570489180151131,0.033354872119580777,0.9809816156862746,-2.107898195963929,8.125819360672466,-6.435783811528108,13.799728962666565,13.207136910052991,13.808078208058348,0.08936797535442163,0.06420355827524706,0.10008986859953943,3
88.0558193979933,0.9094895548769242,0.913588268855323,0.3783778800667551,150.80198208073736,0.8929878102490449,0.8524951881928494,0.3689675427126404,80.23945373467112,0.9194390576217358,0.9212573472712644,0.38525237954180835,88.0558193979933,0.9094895548769242,0.913588268855323,0.3783778800667551,0.6098723161765573,0.05288777246455094,0.9839522352941178,-8.074004474324392,9.38392110256552,-6.599883881478592,13.810747521104108,13.623104864037956,13.81049598258355,0.04908031178638122,0.051746732295594726,0.08567300375966838,3
132.8409364548495,0.784748241949888,0.912632271759246,0.16577708664917926,146.9040167335936,0.7284862789669632,0.9036374347132046,0.14677681647962246,49.61780379041249,0.7853152987185894,0.9673555466097562,0.16284038595014952,132.8409364548495,0.784748241949888,0.912632271759246,0.16577708664917926,0.5791118367377714,0.09449826492637624,0.9650550078431371,-3.3660184814595,4.4548366232924375,-4.235818473945438,13.805045436127568,13.68358669521365,13.807264370368244,0.07479044603370061,0.05851193552744095,0.11091245500403223,3
71.99338907469343,0.8348106587298817,0.9316152857291844,0.17982330281810802,108.78928647330568,0.7883798224105073,0.8969523521199748,0.16693243769747726,31.178350055741355,0.8415894704068215,0.9703784334170519,0.18045521254616412,71.99338907469343,0.8348106587298817,0.9316152857291844,0.17982330281810802,0.581991798136089,0.05752969472162126,0.8931762392156866,-4.146265704170257,6.142134174808596,-5.813255807244226,13.797146815275848,13.549469665130994,13.809123487343891,0.09119086963106894,0.05950106766122722,0.08785671907227176,3
149.3194537346711,0.8860459764398649,0.8470104291345434,0.43607300827623235,186.7848234359795,0.8622333976369672,0.809212399307163,0.4199876620476137,46.69238573021182,0.8981267104043018,0.9521573773421241,0.44049092165764686,149.3194537346711,0.8860459764398649,0.8470104291345434,0.43607300827623235,0.5395136121884638,0.025604816855041523,0.9833238588235292,-2.2546965225036093,6.42230557832472,-5.573402714582766,13.723369161288133,13.04294150771824,13.811153315922622,0.17622679340023686,0.05374331817619063,0.0825369995592222,3
77.23982162764771,0.8425590296819088,0.917491007938164,0.23330654358436295,74.24740215433832,0.7942569665101088,0.9208417899622144,0.21667695326257425,25.738740245261987,0.8544014168203438,0.9724791028291687,0.23753769951471485,77.23982162764771,0.8425590296819088,0.917491007938164,0.23330654358436295,0.5286327614700039,0.03640998307602419,0.9494733490196078,-1.8990672123050607,6.734673161120526,-6.499727401160338,13.664234451319036,13.384205956258345,13.810746541766237,0.21737516771795223,0.04643728302172174,0.0810799303353278,3
82.58260869565218,0.8995262123069337,0.8651110189942209,0.28083384900530256,82.43205333273677,0.8755116817746239,0.8657515728230679,0.2715187915691494,48.69309921962096,0.9084706758504035,0.920472699748073,0.2837960529143557,82.58260869565218,0.8995262123069337,0.8651110189942209,0.28083384900530256,0.6005364006890839,0.043369939210294146,0.9842530352941177,-5.749403148951796,9.356561053210012,-8.221050505405078,13.810135364975286,13.535761877110629,13.812376946131105,0.05487265626270139,0.049465480166240354,0.06751805311926111,3
145.03002229654402,0.8220089707672286,0.8952567473094173,0.15701562084305948,221.24666390756255,0.759155120400944,0.8406319197912199,0.1392408366847284,52.764425863991086,0.8244937595519991,0.9619069294198271,0.15458109740542997,145.03002229654402,0.8220089707672286,0.8952567473094173,0.15701562084305948,0.6226390507511068,0.0807595641721807,0.8674260078431374,-5.937345591223966,5.1507169310054675,-4.680178999221065,13.806803157503534,13.677353875563817,13.805850321908556,0.06798200276171852,0.0545662400746807,0.10555303082706498,3
68.72787068004459,0.8614025289914883,0.8915344560953773,0.2576194077452978,100.90050446863009,0.8052007443018168,0.8411969632941301,0.2329878576008511,26.93749163879599,0.8511991190253568,0.9574757560693099,0.2529037890313527,68.72787068004459,0.8614025289914883,0.8915344560953773,0.2576194077452978,0.5906178975051132,0.08061152100624776,0.9542009215686273,-5.818319309048502,7.473552535789859,-6.586733235656253,13.811385467491169,13.733401740271532,13.812180758491829,0.0477277679056347,0.04424128494585055,0.07010536378294038,3
59.344169453734665,0.8583391363937739,0.9347704329267092,0.18870532021673317,80.85825661905349,0.8049660050948347,0.9113517624836786,0.17135064034634315,22.44756967670011,0.8558430470765185,0.9753168980345311,0.18688169285115414,59.344169453734665,0.8583391363937739,0.9347704329267092,0.18870532021673317,0.5617605087792776,0.04508885484710175,0.972942337254902,-2.9833165362134775,7.61437968460523,-7.050938577281034,13.75896774206908,13.486511777183619,13.810643225420028,0.14393997127430921,0.052736796220687596,0.08196002858384899,3
47.37171683389076,0.9116865536496946,0.8836807699307635,0.31447611257894226,48.361069786691424,0.8740411753467289,0.8815922554888945,0.2951188480151029,15.20236343366778,0.9041523925500088,0.9626615263489162,0.309824315420216,47.37171683389076,0.9116865536496946,0.8836807699307635,0.31447611257894226,0.5002383911714934,0.02563328879011004,0.9896834431372549,-1.565523767985733,6.172669436421929,-8.987914264256958,13.632418453681453,13.349276524564145,13.813678131881852,0.22889978532097857,0.031830829983124295,0.05375596012429246,3
103.701248606466,0.8458971321239668,0.8936798086177723,0.28664952949059186,175.19758168253153,0.799602442099976,0.8209496530178299,0.26225503096125174,52.84105908584169,0.85152668377624,0.9458218290444202,0.28629894798351885,103.701248606466,0.8458971321239668,0.8936798086177723,0.28664952949059186,0.6006202834698396,0.07525351882608133,0.9783760901960785,-5.867971453938063,7.698270695997509,-5.89829814893612,13.809128640922758,13.72655847571007,13.8100111774412,0.058163603670412845,0.041951611920921554,0.09003943698088804,3
91.83589743589744,0.8587719760103771,0.9074809315958887,0.22290619307588927,131.1181418552365,0.8005284174024164,0.8683030258261715,0.2011580857652828,47.168149386845045,0.8443465030358231,0.9524775458606483,0.21778750934387406,91.83589743589744,0.8587719760103771,0.9074809315958887,0.22290619307588927,0.5968575043863409,0.0506019726298931,0.9689029333333332,-4.620959166498838,8.67111891179016,-6.477870618805164,13.806416022827936,13.585457343895209,13.809935750052714,0.07036536142356643,0.05473584565574537,0.08773924714579895,3
125.7899331103679,0.8851735485419016,0.902203947397558,0.3342328231886691,130.48998333351975,0.851772565155035,0.898863542687015,0.31414331533412154,48.121583054626534,0.8871890446773489,0.9625838056178635,0.3301523960862758,125.7899331103679,0.8851735485419016,0.902203947397558,0.3342328231886691,0.5868739180262155,0.024905030037093455,0.9753226352941174,-3.3352413003947863,7.020860585176611,-6.816590324619136,13.792221524793742,12.986622448250133,13.808164394874435,0.10553456736618404,0.05899077184552286,0.09798715200466658,3
70.62800445930881,0.8650336585755102,0.9036647935030174,0.25108590894827215,49.955134730036576,0.8478114942399626,0.9320402360909851,0.24416409431534408,28.42040133779264,0.8867088516782291,0.961236786547619,0.2547656248683789,70.62800445930881,0.8650336585755102,0.9036647935030174,0.25108590894827215,0.4803920061495248,0.045557886406220556,0.9840463019607846,-1.4513413815791842,5.846111280338308,-7.486857366325025,13.62698062254634,13.249243905759615,13.812065193991568,0.2252784105162662,0.06336426497341914,0.07073210466248431,3
109.67391304347827,0.8353815107804667,0.9312338442636967,0.1698004310322137,89.65195020189931,0.7742738481755189,0.9439450722240048,0.15313506465423182,46.46596432552954,0.8105514548687469,0.9708596620456884,0.16443690663791177,109.67391304347827,0.8353815107804667,0.9312338442636967,0.1698004310322137,0.5923487637160992,0.06873990667840614,0.8933376705882353,-4.068024988193192,6.59265617050868,-5.410657760037536,13.80419950466133,13.606709480907362,13.804583812243518,0.07680036018418877,0.06477993137710629,0.11050585188780575,3
73.25453734671126,0.8136801387680395,0.9149406339478979,0.18441863159059224,74.20383440901108,0.752651600144836,0.914056125276766,0.1653628794142594,23.958617614269784,0.808477529038011,0.9721680179002128,0.18236186191003972,73.25453734671126,0.8136801387680395,0.9149406339478979,0.18441863159059224,0.6091342686637471,0.043815293004115956,0.9572348784313727,-5.129740105190412,7.83321331341325,-6.139781642388178,13.80698281564612,13.693071522134845,13.810658857805377,0.06836785109302589,0.029736383174467227,0.08329394272061354,3
89.44098104793757,0.9163500161660125,0.9406829437221771,0.3497643604769395,117.82008031230077,0.8900200860767357,0.9221143585263338,0.33910260681414645,36.69260869565217,0.9141553344596413,0.9756658244705434,0.3473735059569857,89.44098104793757,0.9163500161660125,0.9406829437221771,0.3497643604769395,0.39439137864931406,0.029378814349340806,0.9790140509803922,-0.4704798688589862,8.496725528586243,-7.140506718816404,13.537958614421054,12.843055243562459,13.806603416809901,0.24375032855547601,0.0755269706186703,0.10488604512521496,3
55.13138238573021,0.8395546212537538,0.9096720756576181,0.18330615770274505,131.39219919240276,0.7765747872547625,0.7849208367965504,0.16528734175309345,60.81713489409141,0.8248564791377183,0.9002480387860039,0.18097689973571657,55.13138238573021,0.8395546212537538,0.9096720756576181,0.18330615770274505,0.5835353842678742,0.08254288925961512,0.9452527450980389,-4.427521873362773,3.5763396362037843,-5.041823118897914,13.793158208528931,13.729751332672668,13.812225721156906,0.0965944353694524,0.037340797216176676,0.07087622989825672,3
82.94458193979932,0.8703395249762133,0.9270438513491476,0.2020688874530495,108.47738839610295,0.8131383520263672,0.9048175781758478,0.18383086457667483,41.7844927536232,0.8519052579881583,0.9632304401483918,0.19444097158199544,82.94458193979932,0.8703395249762133,0.9270438513491476,0.2020688874530495,0.54008824894972,0.06763674396591979,0.9269490274509806,-2.2083479751098647,3.195210444368677,-5.808081153325715,13.704043580811986,13.541216842307534,13.809010966086317,0.19072272572513013,0.052832220846773345,0.0918482442370407,3
117.66977703455963,0.8437116330442992,0.9205501373970376,0.21137078235419446,123.84195926220063,0.8135119116161529,0.9166187514334655,0.19701554804779486,30.05978818283166,0.8578102218256003,0.9797068033552333,0.21225744903738772,117.66977703455963,0.8437116330442992,0.9205501373970376,0.21137078235419446,0.5795721268045667,0.10591051910660411,0.9775976901960788,-2.9179047467409895,4.354742418630729,-5.409920412596188,13.80892287662443,13.683099227384746,13.808037412571796,0.06046158398296119,0.06125318881674157,0.1043743989785018,3
128.96095875139355,0.7933667158240836,0.8735408714960536,0.1598029091036262,123.45197481012517,0.7365834051624123,0.8793294466836634,0.14285217239844958,27.162898550724638,0.8116809568007972,0.9733727919211973,0.16417386725852162,128.96095875139355,0.7933667158240836,0.8735408714960536,0.1598029091036262,0.5978234751055859,0.062017086098084984,0.9302797333333337,-4.479688971169732,6.117148174409976,-5.06604977750894,13.805477230192714,13.507616678009517,13.809852182671932,0.07425458372520558,0.07470284392658327,0.0888057212937245,3
83.1608138238573,0.8064191260419611,0.9174048300088884,0.16985230951958866,130.90257379671368,0.751291085487646,0.8703485591308879,0.15478117942657138,56.17725752508361,0.801297895631861,0.9441967032769235,0.16829827172760758,83.1608138238573,0.8064191260419611,0.9174048300088884,0.16985230951958866,0.6274840860224103,0.09714831512229868,0.9248074461695629,-7.82938097270723,7.332851884214134,-6.1128228414391135,15.34712306754664,15.285280805804758,15.345486969225206,0.050922717435684564,0.04556965080135469,0.09082048799212074,3
96.29350055741361,0.7636832503794172,0.9268680664897633,0.0994604667074237,166.16618382344717,0.7235439398278013,0.8741498315396297,0.09344389855363923,71.2416833890747,0.7571671756310041,0.9459616080904426,0.09816772805288168,96.29350055741361,0.7636832503794172,0.9268680664897633,0.0994604667074237,0.6108415588554666,0.14490398892123224,0.8671941027411098,-10.206756641549887,4.061231042624239,-5.195111385855652,15.981293934367875,15.892331927520603,15.976286803618468,0.04019301441920207,0.07233942071245916,0.09664822983816304,3
52.991025641025644,0.7584797189289456,0.9055411691785049,0.1144450604025836,67.34893345712017,0.7372209834325573,0.8800367248771176,0.11087873905061195,24.739565217391306,0.7614969079826874,0.9558423165558884,0.11490151235996701,52.991025641025644,0.7584797189289456,0.9055411691785049,0.1144450604025836,0.6042487020270574,0.122197893571996,0.8946973415651271,-6.091622006342937,1.7804268741354248,-7.389228142591107,15.906519883355307,15.85105628270187,15.906947591910916,0.04485661515830857,0.04281531222019489,0.06319509243208848,3
107.57451505016721,0.7867113105724456,0.915087567663966,0.15015772333321176,133.0679522600418,0.7627663836395211,0.8952394210792582,0.14479790300916526,36.70616499442586,0.808222659774363,0.9710207661208098,0.15509405072205282,107.57451505016721,0.7867113105724456,0.915087567663966,0.15015772333321176,0.6060281953337153,0.08478431789784396,0.9651329922484906,-5.733851440168514,6.020812544581994,-6.648671622600893,16.006499912601754,15.849377685112355,16.008838831942928,0.07134151455832119,0.0658410163462296,0.09999007020177261,3
82.52810479375697,0.8393718614417277,0.937420895648164,0.3760155393332424,134.8309079316786,0.788706171947754,0.8980299434276432,0.36874137799224327,44.2600668896321,0.8227730276794609,0.9664341862061274,0.37354889510386297,82.52810479375697,0.8393718614417277,0.937420895648164,0.3760155393332424,0.351899198753399,0.05166201199074984,0.9801460078431377,-0.3913513268809232,4.466851334769986,-6.8514848132567465,13.34775389623229,13.049789364692115,13.808873185555875,0.2761913298573393,0.07336741380642064,0.09421613263677302,3
96.86536231884058,0.8420236384377099,0.9028248034723693,0.21738722418490436,108.42741132649522,0.7915529634015064,0.891544257603588,0.19822132994466532,25.601360089186176,0.8449630431825741,0.974313625512011,0.21784491750197157,96.86536231884058,0.8420236384377099,0.9028248034723693,0.21738722418490436,0.5942945659384495,0.04041676294963165,0.9465945921568623,-4.099783225264177,6.447639253380028,-5.862867339405856,13.799709275807722,13.324660465951906,13.810201471336416,0.0901254986697925,0.0672262126505446,0.08575050192253732,3
118.65292084726869,0.8066305669826105,0.8709799648924567,0.2871985171599837,107.02235992885986,0.7653177461671911,0.8839844981063979,0.26861624811046403,60.43486064659977,0.8245261553715333,0.934277400476233,0.2921071425440912,118.65292084726869,0.8066305669826105,0.8709799648924567,0.2871985171599837,0.4682648199128496,0.02304836747459932,0.9299894235294115,-0.9586073532097347,6.51872760385358,-6.0712986051479625,13.53173277971177,12.557700140812633,13.81054758305257,0.2755019223634712,0.06614809468858351,0.08167646857131204,3
62.924470457079146,0.846483017534233,0.951046156544413,0.22909359921215955,97.17377881679175,0.7486650310977696,0.9244793328406076,0.22104267352845017,26.0190635451505,0.77795543489105,0.9797509082674289,0.22264344475250328,62.924470457079146,0.846483017534233,0.951046156544413,0.22909359921215955,0.4703974738282636,0.06329271039147569,0.9490994392156868,-1.2222689601818244,1.9313405314807468,-3.8600240923984956,13.565697853671901,13.454829343786251,13.810424777624096,0.25385250731758796,0.04992895693021466,0.08808114208394446,3
116.1048829431438,0.8340497408839309,0.891614365635771,0.16099244594736195,119.8954150401002,0.7695701790813626,0.888338463552006,0.14392135090277855,38.58635451505017,0.8149469623926853,0.96397063399421,0.1564129639945832,116.1048829431438,0.8340497408839309,0.891614365635771,0.16099244594736195,0.5771273969511701,0.09392270034347291,0.9702416509803924,-3.2694622425419544,4.416868763556918,-5.708279331232261,13.806323134258987,13.677460174533646,13.810124284550277,0.07010451980685045,0.057839445260019516,0.08937360650781156,3
55.57646599777034,0.8727659053596464,0.89882636017592,0.2469604862838647,71.66710663191687,0.8233836320713791,0.8699084841036392,0.22469642050632627,32.53608695652174,0.8672565549098898,0.9407486410797159,0.24216880599511056,55.57646599777034,0.8727659053596464,0.89882636017592,0.2469604862838647,0.6018170086448246,0.0886993291324241,0.9851369529411768,-6.952471489800782,5.729386257596785,-7.924923519130618,13.811363299105249,13.761289940687353,13.812386705342789,0.04724395271324058,0.033132782467301836,0.06816209611601742,3
106.32384615384615,0.7484160704899303,0.9008409253753614,0.15686581951426415,156.33536537622624,0.7213447652120977,0.8546133536740596,0.15095917134790363,111.93892976588629,0.7483941674861692,0.8956634066119712,0.15669248136121172,106.32384615384615,0.7484160704899303,0.9008409253753614,0.15686581951426415,0.6011538530930354,0.2044118899387581,0.862706871163177,-7.357507503045601,8.409242115459161,-4.5619586464357855,15.60041361018601,15.58584735069133,15.595898080701577,0.05256962795347454,0.049650160147442085,0.10699007322127431,4
70.6173801560758,0.8619909043107405,0.855696920767217,0.2205863816250489,101.04269527186497,0.8158393694990554,0.7940655601760264,0.20460814142599423,67.44745819397994,0.8543060524218775,0.8621365466256724,0.21930645471900656,70.6173801560758,0.8619909043107405,0.855696920767217,0.2205863816250489,0.6165822393412657,0.08577276227014673,0.8854269294117649,-4.829635521496741,9.500431243423124,-6.308284900882652,13.794532645639299,13.746345836798703,13.81252027188746,0.10053426903272356,0.04357816327973307,0.06183838612138761,4
31.752820512820513,0.7381064169096793,0.9534645984560471,0.2317241956024113,26.41484994575005,0.7062680870660416,0.9613286867206555,0.22613910015587535,13.627491638795984,0.7578131293852919,0.980036481450972,0.23044641384076045,31.752820512820513,0.7381064169096793,0.9534645984560471,0.2317241956024113,0.4601102950357745,0.05123840425848909,0.9641598,-1.0997232527388126,2.1771035696093928,-5.286541853316336,13.544691996954286,13.330478528658706,13.813386203748115,0.2608643983422232,0.05056062188150078,0.05847877721209156,4
85.45558528428094,0.7851424527491273,0.8785227912205051,0.13866295084289307,127.78599791948636,0.7341707050253578,0.8188821742654064,0.12560372286378965,110.29588628762542,0.7951527701930372,0.8433135471831733,0.14150140598176397,85.45558528428094,0.7851424527491273,0.8785227912205051,0.13866295084289307,0.6000440189184799,0.19396879368025532,0.8408116078431377,-9.669602900251508,5.493673233675997,-6.5431943385896245,13.811552114937662,13.803106962003222,13.808427275352019,0.04259597814717118,0.03189184177400752,0.0842891223162532,4
34.07549609810479,0.8992492688940081,0.9213828721210072,0.2534067735328209,38.37828435923536,0.8709227979449975,0.9117006402069866,0.24023357032075976,12.602508361204013,0.9007271592098246,0.9709186279663162,0.25099489747474085,34.07549609810479,0.8992492688940081,0.9213828721210072,0.2534067735328209,0.5740703955870324,0.03959380016692653,0.9908537803921565,-2.6267458822419196,6.574570084653607,-8.475866829631103,13.785299827157193,13.365185439333619,13.813684588415464,0.11867945375898019,0.05432743276965485,0.05410765381081016,4
108.37305462653289,0.8342256390164877,0.9631451756896832,0.16874990010673036,176.31441482757467,0.7978555750872713,0.9402083195585604,0.16039551668873586,105.48711259754737,0.8474611587072837,0.9641264038620762,0.17251240649375343,108.37305462653289,0.8342256390164877,0.9631451756896832,0.16874990010673036,0.5769019870466837,0.13366127905046277,0.892558596078431,-5.133939882709262,5.02229764869876,-3.6995944202977813,13.803184652841207,13.728796987780562,13.794801926737787,0.07550756471515374,0.068799735788832,0.15409154065355543,4
28.013890746934226,0.8843496713766394,0.9483311765033645,0.2422094675861624,34.86977774297827,0.8311470110366115,0.9357838224902048,0.22783471004368738,21.907703455964324,0.861075840464716,0.9595654443490973,0.23760448987330016,28.013890746934226,0.8843496713766394,0.9483311765033645,0.2422094675861624,0.5078120318363395,0.07096613878434184,0.935825129411765,-1.6228566670984068,4.359251018223943,-7.827929468101616,13.637853845335433,13.50152089737492,13.813176152476464,0.22859924686791855,0.060341038537201235,0.05716381751297952,4
90.62528428093644,0.85588294337747,0.9299217699298461,0.2567408329011479,144.4345924542231,0.8153048090595985,0.8886465372057828,0.23839276814621238,96.15232998885172,0.8543365481788765,0.925641290501284,0.2572409142210898,90.62528428093644,0.85588294337747,0.9299217699298461,0.2567408329011479,0.5897958099074105,0.25771280275025643,0.9094431137254898,-6.918404363504263,3.8453209584248693,-4.518707514299031,13.810884280043426,13.802316360759043,13.802936051541012,0.04774605530801076,0.04217314326273736,0.12406224101107455,4
73.04725752508361,0.8047115263140188,0.9431220433065244,0.19359586637557386,128.06061453451304,0.7586837762712255,0.9005773623364367,0.17678989482203977,91.18348940914157,0.8055428544651612,0.928986026017523,0.19485352229702724,73.04725752508361,0.8047115263140188,0.9431220433065244,0.19359586637557386,0.5893373082182762,0.24374635404962378,0.9037728392156866,-6.632171485142088,3.8980457152726644,-4.1118993570407,13.8130936980595,13.79472376331589,13.804127614008742,0.03673133785869888,0.05257535515774675,0.11962678471800889,4
62.655863991081375,0.8002013813687537,0.9488552007709093,0.18642574257098354,142.21123924788313,0.7495778662704727,0.8842599253942279,0.17239944135234445,91.22770345596433,0.8048460026059676,0.9255353989328428,0.18822742029223205,62.655863991081375,0.8002013813687537,0.9488552007709093,0.18642574257098354,0.6057471925895802,0.23108178802317447,0.8613034901960783,-7.299425774692702,8.662591263419664,-5.106041670237513,13.81116744793175,13.800612422917284,13.801764951756349,0.04648619252203824,0.04435358940044737,0.11815424509754098,4
41.60397993311037,0.9188400213602479,0.9380581904030715,0.35834179510745234,69.90875940985,0.8791700836553596,0.896257664979855,0.3411615464869664,41.194905239687856,0.9080246423661654,0.9386805721321959,0.35642942764464075,41.60397993311037,0.9188400213602479,0.9380581904030715,0.35834179510745234,0.6036280850894752,0.06502833861102826,0.9474329843137252,-8.300674557872128,10.94980676817839,-7.459063248601137,13.812344460017378,13.731650011033688,13.811974569404784,0.04093651253539983,0.0400089829706308,0.07007495506273735,4
170.20071348940917,0.8949002214019933,0.9065450180425606,0.6530234555313822,160.48437936935832,0.8896665581262444,0.9121592167737063,0.6517395984492077,73.32751393534002,0.9012012347254814,0.9597357878094169,0.6561332888553801,170.20071348940917,0.8949002214019933,0.9065450180425606,0.6530234555313822,0.16032664142679173,0.020482325830310046,0.9782267142952341,0.8771243819851962,6.026127553971738,-5.463153606607664,14.980699863029448,14.053695411049224,16.112765963519937,0.23665488366521506,0.07505579485145268,0.11232210678677401,4
89.18486064659977,0.8644750742761785,0.8795805416533852,0.18117793576592625,120.17557969150234,0.7781900454186151,0.8380910464905621,0.16362843736767194,55.540011148272015,0.8164622761754762,0.9250128521953556,0.17248219691126673,89.18486064659977,0.8644750742761785,0.8795805416533852,0.18117793576592625,0.6245759006154098,0.08870147943111187,0.8572649058823532,-7.129656721640935,9.659097280073427,-5.240252420931203,13.80778013993203,13.758886210514525,13.810050117586767,0.06346297526535055,0.040451500451943456,0.0793838743850305,4
94.88186176142699,0.7682035473972866,0.9142683116330741,0.13827447793149292,226.31727833022,0.7255429229849215,0.7960847402608321,0.1267494328321199,117.66408026755852,0.7917947913188677,0.8936972055715657,0.14442374081267037,94.88186176142699,0.7682035473972866,0.9142683116330741,0.13827447793149292,0.6016501981904574,0.20949258741954244,0.8569041411764705,-7.548635234272468,5.666641018480963,-4.498101807001298,13.81037086233334,13.79178186130595,13.805350071880806,0.05068584875867638,0.05158369037232379,0.10691750858487653,4
30.88557413600892,0.8819260309160678,0.9332300296438036,0.24260203436317626,45.66991420677621,0.8335079715511966,0.9015402474481753,0.22183850599400784,28.36984392419175,0.8775395932887999,0.9386604730274102,0.2412586364825021,30.88557413600892,0.8819260309160678,0.9332300296438036,0.24260203436317626,0.6304868620739197,0.028002687538025657,0.9760887764705887,-3.9216593250392218,9.268597122499008,-7.610219939290268,13.80335427154425,13.527456405274373,13.813346244646555,0.08471954624779016,0.034735019827104543,0.058231101009794214,4
147.12692307692305,0.863155219036016,0.8926328665106914,0.24645005280007426,202.55054194024675,0.8347849908636407,0.8526362895843257,0.23242017636203158,107.17215161649945,0.8674524840544864,0.9218002602226882,0.24660945988981187,147.12692307692305,0.863155219036016,0.8926328665106914,0.24645005280007426,0.5957522312785426,0.17654184616585433,0.8872857843137251,-8.078767964703033,7.5707171768213195,-4.702926484704884,13.81059763486116,13.792678932124204,13.803607173588368,0.048725087489966214,0.04395969027221465,0.11755120248406577,4
94.25483835005575,0.8113724018219154,0.9093657120856865,0.159280714367071,162.4493685752956,0.7567201565514807,0.8441325528237458,0.14411553928003193,69.40066889632106,0.816656528999143,0.9332528291695452,0.16072085382014842,94.25483835005575,0.8113724018219154,0.9093657120856865,0.159280714367071,0.5980672659425642,0.1770427327091804,0.8676020313725493,-7.559918825673383,6.2193841327818715,-4.430118301192819,13.81062457536696,13.789581940443538,13.806823718155622,0.049185829057080174,0.0469491305766487,0.10129524333927546,4
114.97924191750278,0.896976388413649,0.8984644441110261,0.26910278642363733,122.10361181642264,0.8591549406624388,0.8925087127468747,0.24990167221030016,61.723389074693415,0.8848411556827551,0.9454917043150561,0.2606982271849131,114.97924191750278,0.896976388413649,0.8984644441110261,0.26910278642363733,0.5679312865755096,0.06315088601034664,0.9855050588235293,-3.444701965513644,8.751458055787454,-7.617669588482168,13.811892282596508,13.607998827758088,13.808991735700996,0.044375233109495434,0.06140062963561529,0.09266011707006783,4
128.72451505016724,0.8558692082993755,0.8610151386365483,0.17804756558211776,109.27222290578405,0.785363633975072,0.8823232210114204,0.15843700666366609,60.47068004459308,0.8194455722912646,0.9346896557749305,0.16840275115137676,128.72451505016724,0.8558692082993755,0.8610151386365483,0.17804756558211776,0.6185260663687019,0.09479741413333162,0.9433116392156868,-6.301713491096749,8.673575902725336,-5.193116125025738,13.80664169018351,13.748315002654534,13.809484549519256,0.06775866797614245,0.046767199311536604,0.0912289305203697,4
71.91558528428094,0.8141174062883386,0.9242705992962633,0.16938941306957617,56.86874867171508,0.7496648448959601,0.9402701172942749,0.14922362734898795,30.355774804905245,0.7994408924438503,0.968025770132002,0.16459732525119217,71.91558528428094,0.8141174062883386,0.9242705992962633,0.16938941306957617,0.6039076461026405,0.06413985496540811,0.9542605647058826,-5.185034332646348,8.233669403696009,-5.742745981054907,13.805473597825783,13.689591708066192,13.809948408527566,0.07332376248842226,0.046711584873839015,0.08855190111802522,4
158.85335562987737,0.852980473943662,0.7994347200218794,0.25861060926070134,168.10164315835394,0.8113424683388589,0.7883719258409877,0.23819241888491874,56.20652173913044,0.8611174402893698,0.9290145546688946,0.25894830499671884,158.85335562987737,0.852980473943662,0.7994347200218794,0.25861060926070134,0.5960302655412696,0.04549512962445984,0.9477746431372548,-5.418947511363796,8.122095013273887,-6.88959469455783,13.807736547330245,13.547829552894038,13.81105299993201,0.06347931629407726,0.053158071853635344,0.0784046475388517,4
76.25627647714603,0.8699267733797842,0.9214008282467991,0.23219497421780658,100.8762429950448,0.8129423666547748,0.8963007897033195,0.21658022356365056,40.13822742474916,0.8468882644343457,0.9586151049224719,0.22561576780058706,76.25627647714603,0.8699267733797842,0.9214008282467991,0.23219497421780658,0.5667045501284089,0.04304999820623202,0.970342905882353,-2.6202069750891956,6.685385025710933,-6.388003171873697,13.739828159702588,13.313889084493713,13.810473457444159,0.16749509915172026,0.06654295171038792,0.08439912450020838,4
126.43064659977703,0.811163400227487,0.9032529841151473,0.15993063897753898,221.80072929833,0.7636798736536178,0.8306869915749995,0.14608623131688211,121.04345596432552,0.8068259591967589,0.9073435228580163,0.15871293653639093,126.43064659977703,0.811163400227487,0.9032529841151473,0.15993063897753898,0.6009180526251804,0.1825295166953228,0.8653236352941176,-5.667747725755993,4.756271609256618,-4.337447042456045,13.806743040352723,13.793435953119433,13.803658432944106,0.06500150059101735,0.04148430029155079,0.11550435488588769,4
117.55015607580826,0.8680239597087093,0.9155394224683658,0.2929298960041643,189.11366763235316,0.8291099074021997,0.8645409686256611,0.27325954535994174,77.36457079152731,0.8766359307659068,0.9444076415952577,0.2951937053806439,117.55015607580826,0.8680239597087093,0.9155394224683658,0.2929298960041643,0.5948728087168113,0.06008015210321794,0.9459077960784315,-5.00775123889318,6.853076103131414,-5.679752826448263,13.799771246945914,13.46506009566727,13.807812739293222,0.08661487314514935,0.08082548226948437,0.10151566767565903,4
207.22830546265328,0.6913560003218496,0.911930339050658,0.1423761207002961,296.20385678012553,0.661292295086431,0.8744722726088102,0.13465287592599384,161.81644370122632,0.6989866123983889,0.9312365889289888,0.1427303095992941,207.22830546265328,0.6913560003218496,0.911930339050658,0.1423761207002961,0.5928508583109455,0.18826438308952378,0.8366484969774685,-3.8637567736720384,4.011688512967892,-3.045991208089475,14.909547561797611,14.898538641341569,14.907195325965832,0.09783756189080961,0.05181400459560416,0.15581625489980255,4
136.74722408026756,0.7979012511553877,0.9547085227667242,0.4101413922096996,227.03772888446437,0.7709165198325925,0.9250195808375641,0.4009738379425226,176.19373467112595,0.7859707213622437,0.9416427469094384,0.40936485604387524,136.74722408026756,0.7979012511553877,0.9547085227667242,0.4101413922096996,0.4642665610974759,0.05325589059968379,0.9517286498688061,-2.081581056195148,4.309318913584582,-3.1158220933585303,15.436284131843074,14.93807466932819,15.494277233071585,0.14029439338870642,0.07793167189063471,0.14217405241894865,4
94.53863991081383,0.7057331522841518,0.9211270889117761,0.09855733046107282,155.98843413384637,0.6630963168053974,0.8701550673704965,0.09226577777758552,74.62323299888517,0.7100002115229969,0.9377350789756678,0.0993122446052812,94.53863991081383,0.7057331522841518,0.9211270889117761,0.09855733046107282,0.5775307425943879,0.08989911732303085,0.875269497998385,-3.2783297331453856,5.562970627021923,-4.563150177705694,15.043213176492724,14.84204790682436,15.071405970439217,0.12526034010353762,0.08555351486474061,0.08959465140721198,4
79.88576365663322,0.833563921408665,0.9424918928201123,0.2223556132236823,108.51822686547132,0.7993933556591963,0.9220978996373651,0.2100696606806986,84.14716833890748,0.831774864459416,0.939414160625105,0.22318924539627824,79.88576365663322,0.833563921408665,0.9424918928201123,0.2223556132236823,0.5830962640643905,0.16090885676260264,0.866361329411765,-4.443241518633979,5.2289641040663,-3.6845913523253606,13.794639522912684,13.788924638909174,13.80383902493889,0.09613348779366955,0.040530424703729404,0.11798745687345119,4
108.52222965440359,0.8255170594864116,0.8733064959103656,0.1962459742218497,176.81467768816904,0.7759038655749498,0.7941754785190355,0.17958761491158953,97.57991081382387,0.8367462553699407,0.886074238340089,0.2003214103998116,108.52222965440359,0.8255170594864116,0.8733064959103656,0.1962459742218497,0.6067581194744704,0.20448078888297663,0.9250792784313726,-10.339330404212832,10.95863818499889,-7.038209987309055,13.815157789129097,13.79928776001198,13.808208414124106,0.014292699900450135,0.04533813507048598,0.09226968349113748,4
68.38433667781496,0.8620066000513231,0.935514302502291,0.21794591632148236,109.13613941678507,0.8244932702507015,0.8973788042838059,0.20317667834449,92.61619843924193,0.863977745818573,0.9126518070270118,0.2189622366950436,68.38433667781496,0.8620066000513231,0.935514302502291,0.21794591632148236,0.5928010609647749,0.21567309919504318,0.9191322901960783,-7.789990615481218,2.2843987011973272,-5.679643557998832,13.810871902683077,13.804477229963544,13.805786503641865,0.04774353566250205,0.030878199331799642,0.10801243912567858,4
41.43585284280935,0.8507219242969123,0.9078770786046808,0.24215215168878926,78.55933378821265,0.8009852797471623,0.8258735309510147,0.22359314345212425,39.8846265328874,0.8515707745336636,0.9113302816773954,0.2417953905546793,41.43585284280935,0.8507219242969123,0.9078770786046808,0.24215215168878926,0.6032187259182769,0.07345528376102778,0.9640849843137255,-4.8081021373353465,9.484154556221728,-6.8083446994600365,13.796661175758596,13.761978364314324,13.81294451772574,0.09551955626848178,0.03169716279339268,0.061818971857130145,4
65.07914158305462,0.7002078608535266,0.9560844832749537,0.14159665113482356,136.77560653683963,0.6665131422867404,0.9079379089392362,0.1366362095171239,109.49814938684503,0.6819327347095295,0.9261538429537003,0.14054739390228865,65.07914158305462,0.7002078608535266,0.9560844832749537,0.14159665113482356,0.5129119742947829,0.08744173274417283,0.9588468867973448,-1.8599624482476889,3.7055552585814784,-4.712237461315612,14.973302414816446,14.742539793990018,15.08585838672078,0.19381942145519898,0.08368905165836442,0.09382319725356333,4
216.52519509476033,0.755399052226514,0.8440334894260635,0.1829670149109334,340.0629970581984,0.7107551707621518,0.7557593814363498,0.1676713934239269,177.54272017837238,0.7737843553376549,0.8721219447584018,0.18678903117804355,216.52519509476033,0.755399052226514,0.8440334894260635,0.1829670149109334,0.5791727319128215,0.09460979700027847,0.8546280941176474,-2.8912094432027633,5.095125742475193,-4.0494517367346035,13.7676264524534,13.556130553780234,13.80684199268827,0.14557143309248796,0.09630222046594084,0.10064102081208098,4
103.92202898550724,0.7945398093931252,0.8777325422571802,0.1695105142360711,186.20343172895156,0.7363050058821622,0.7815810629713045,0.15150513188784448,145.56639910813823,0.8075891883791856,0.8287491268993367,0.1731430213241876,103.92202898550724,0.7945398093931252,0.8777325422571802,0.1695105142360711,0.5909445167337747,0.15495830912465974,0.8673131372549018,-6.09904852546451,6.008379666384871,-5.638411436997632,13.804875040353847,13.79375663664276,13.80790832423064,0.06977542721417702,0.03528199759960443,0.09233832418171463,4
113.28989966555184,0.8120244219153415,0.9194547962643765,0.17841067714671935,174.9288262994821,0.7698673955970702,0.8760127126419186,0.16509630421809976,68.7195652173913,0.8266302480170418,0.9511605335736618,0.1819238069716893,113.28989966555184,0.8120244219153415,0.9194547962643765,0.17841067714671935,0.5938343858480075,0.1800352341143267,0.8497785098039213,-6.252705564200387,7.042216476161035,-4.940546132455317,13.805346011954406,13.797379762656856,13.801223850669658,0.06813216634748588,0.03754515072139111,0.11959878757167071,4
