contrast_0,contrast_45,contrast_90,contrast_135,homogeneity_0,homogeneity_45,homogeneity_90,homogeneity_135,correlation_0,correlation_45,correlation_90,correlation_135,energy_0,energy_45,energy_90,energy_135,label
173.84480490523967,0.805667249284075,0.8922918174066221,0.15605787323294146,221.59934452634758,0.7719003827063109,0.8629521295015992,0.14910119871433247,48.91305462653288,0.7946524714944477,0.9696632675624637,0.15297130058258443,173.84480490523967,0.805667249284075,0.8922918174066221,0.15605787323294146,0
63.00453734671126,0.8650462200954225,0.9226824633861525,0.16660636579115187,136.79104260578742,0.7960551233852106,0.8325160421437741,0.14793446031502183,91.13353400222965,0.8433361349510506,0.8881340060081088,0.16084292439703218,63.00453734671126,0.8650462200954225,0.9226824633861525,0.16660636579115187,0
89.05238573021182,0.8377140655162139,0.9595299524210681,0.17616901606864663,106.95668952248855,0.7960176317019239,0.9515376037237292,0.16195762747838233,23.898751393534,0.8573966271726565,0.9891415951677303,0.17987772466738533,89.05238573021182,0.8377140655162139,0.9595299524210681,0.17616901606864663,0
106.45013377926422,0.8357028642727955,0.9308601244186306,0.1436545854065513,149.7270500329974,0.777068939523605,0.9029782459248124,0.1289656360096822,31.965484949832774,0.8353593178944753,0.9792393343037242,0.14316231816534566,106.45013377926422,0.8357028642727955,0.9308601244186306,0.1436545854065513,0
172.69275362318842,0.8116682732509637,0.8833583149400295,0.20527472818769016,308.61706244896595,0.7592899422015469,0.7921394086359563,0.18738133106472737,72.7471906354515,0.8136418578541468,0.9508453180165017,0.20720622759926874,172.69275362318842,0.8116682732509637,0.8833583149400295,0.20527472818769016,0
64.75030100334448,0.8182358485069489,0.9199466070972158,0.17452737147848604,132.17226876656864,0.7569663647041794,0.8370044242814055,0.15642490419443195,54.3281828316611,0.809935703017864,0.9328214981250452,0.17337074104202188,64.75030100334448,0.8182358485069489,0.9199466070972158,0.17452737147848604,0
110.18089186176141,0.8153376208576408,0.9415204830800331,0.17297986083407407,147.23155221977382,0.7690208740421761,0.9220848614606558,0.15859740384734936,57.975228539576364,0.8255501713742261,0.9692250088160738,0.175758626545198,110.18089186176141,0.8153376208576408,0.9415204830800331,0.17297986083407407,0
111.85820512820511,0.8091979043020212,0.9399147806700188,0.13422749834133152,138.51604568181565,0.7604392548491414,0.9257957944190591,0.12221768777839331,82.01313266443701,0.8181556860354361,0.9559557573823676,0.13688421720276658,111.85820512820511,0.8091979043020212,0.9399147806700188,0.13422749834133152,0
121.68347826086956,0.8975014749264856,0.9299814636748123,0.20893952939343188,165.63854990436354,0.8365445179871605,0.9048999793793537,0.19413517315287213,30.676053511705682,0.8696371591038475,0.9823357243748152,0.19985499535181428,121.68347826086956,0.8975014749264856,0.9299814636748123,0.20893952939343188,0
138.30614269788182,0.8421566717859873,0.9275297130896887,0.1384336084153054,160.65746468160313,0.7461947592783582,0.9159601598254837,0.1195773984971513,53.54762541806019,0.7837484701187173,0.9719208410139836,0.12504579584631093,138.30614269788182,0.8421566717859873,0.9275297130896887,0.1384336084153054,0
152.17584169453735,0.8917494151248362,0.9023399225450209,0.20599354052903213,160.71309045760117,0.8329096172735158,0.8971204484794699,0.19022773238620494,33.991137123745816,0.8662305415723891,0.9781765105762369,0.19743612043268635,152.17584169453735,0.8917494151248362,0.9023399225450209,0.20599354052903213,0
137.2308695652174,0.8656077505971369,0.8399689313514382,0.35766094530916487,170.38661759935573,0.8251709873225026,0.8018744677200563,0.3320204267813932,53.41715719063545,0.8738948017030607,0.9376932528673542,0.3594394765426389,137.2308695652174,0.8656077505971369,0.8399689313514382,0.35766094530916487,0
103.00789297658864,0.871093237228906,0.934960386205735,0.13643493644824042,146.50736568942182,0.7806896911095296,0.9076196383852649,0.11693325679528381,47.39095875139353,0.8198407715050036,0.9700437032838058,0.12394522360373895,103.00789297658864,0.871093237228906,0.934960386205735,0.13643493644824042,0
183.16724637681156,0.8415141985308922,0.8917489031003095,0.1962642387403365,121.56982584087429,0.7833340154166744,0.9283548617455146,0.17987199846476717,77.64395763656633,0.8219356423687338,0.9541108617659819,0.1891796209174468,183.16724637681156,0.8415141985308922,0.8917489031003095,0.1962642387403365,0
149.47471571906354,0.8140489131102905,0.9194047798471802,0.1095245163132673,177.9072829162985,0.723774381105702,0.9041864414902913,0.09314799780619133,39.13986622073578,0.7699049934677867,0.978869855247817,0.10074024682879255,149.47471571906354,0.8140489131102905,0.9194047798471802,0.1095245163132673,0
124.39228539576365,0.839719587777457,0.8988643930453603,0.14085037910749748,126.10687799912752,0.7698698880793128,0.897639454611111,0.12254832923200916,59.80862876254181,0.8118388300932701,0.9513339359785858,0.13203504005774255,124.39228539576365,0.839719587777457,0.8988643930453603,0.14085037910749748,0
138.78809364548496,0.8333089453292728,0.9106958805426831,0.1540116647224307,195.0063086542656,0.7705747130732485,0.8747643585567646,0.13861383677035674,33.47851727982163,0.8243012297446456,0.9784396320701821,0.15246316509235808,138.78809364548496,0.8333089453292728,0.9106958805426831,0.1540116647224307,0
166.61562987736897,0.868814972050248,0.8654449233718258,0.32871141909134705,127.79659064216287,0.8232282114741845,0.8971285260219922,0.30397252425819976,103.57041248606464,0.8640753549636313,0.916363088287989,0.32459576763147474,166.61562987736897,0.868814972050248,0.8654449233718258,0.32871141909134705,0
161.25178372352286,0.918330280287966,0.8861395714969612,0.2599300862452471,166.62763280052795,0.8883608977572667,0.8827271572691853,0.24580231208629588,21.886733556298775,0.9204666077080872,0.9845485456001564,0.2587674923435919,161.25178372352286,0.918330280287966,0.8861395714969612,0.2599300862452471,0
100.6758751393534,0.8852416115944634,0.9332894199370824,0.17471983203892158,123.93199181217211,0.8095691104186485,0.9180501800553538,0.15350323756852485,53.88826086956521,0.8421120654535118,0.9642652313225836,0.1622406781930114,100.6758751393534,0.8852416115944634,0.9332894199370824,0.17471983203892158,0
164.78071348940915,0.881784617686795,0.9091706802827693,0.18406417673628334,229.6887394995582,0.8454119573327072,0.873761462556271,0.17306682154698647,95.40014492753623,0.8895214693473061,0.9474183365027126,0.18559251056040116,164.78071348940915,0.881784617686795,0.9091706802827693,0.18406417673628334,0
202.16392419175028,0.8369796933164604,0.8935781886128392,0.14512730507672078,140.943356338296,0.7853784325881317,0.9260234068514045,0.13077037659279417,63.593835005574135,0.8413344544555591,0.9665281061681663,0.14436942295685795,202.16392419175028,0.8369796933164604,0.8935781886128392,0.14512730507672078,0
118.4703790412486,0.8864543312615845,0.8673861007573481,0.28529564310396366,171.3954541895505,0.8452273114815034,0.8087581424718873,0.2650288437762092,90.89783723522854,0.8795071357812632,0.8982754307770415,0.28279692112794286,118.4703790412486,0.8864543312615845,0.8673861007573481,0.28529564310396366,0
77.50336677814937,0.7867250265221605,0.9279988784157402,0.12521611389166332,82.86860325947137,0.714971919012777,0.9231709184656386,0.10976893465415563,15.209788182831659,0.7706752479403092,0.9858683877501067,0.11898989602067456,77.50336677814937,0.7867250265221605,0.9279988784157402,0.12521611389166332,0
134.4905016722408,0.7990406580893937,0.8938391034413812,0.16445896269040788,194.48277983467744,0.7713430117293621,0.8469160516404842,0.15768407864161482,46.687904124860644,0.7928150097470654,0.9631438310590749,0.1627848861671861,134.4905016722408,0.7990406580893937,0.8938391034413812,0.16445896269040788,0
166.35488294314382,0.8031630729011223,0.857175032376418,0.1466127196918246,219.5047818257067,0.7830455972684751,0.8120856490418711,0.1426770247529496,29.63296544035674,0.810916054187367,0.9745703179403274,0.14750874488218801,166.35488294314382,0.8031630729011223,0.857175032376418,0.1466127196918246,0
153.45750278706797,0.7483873694863262,0.9181338805964393,0.09145286997404256,222.73813492019104,0.6901622510231864,0.8814993783196635,0.08325561300838193,83.68764771460424,0.736950740875771,0.9554002215344616,0.08909023441836285,153.45750278706797,0.7483873694863262,0.9181338805964393,0.09145286997404256,0
230.69161649944257,0.7927030085727296,0.8689992695087247,0.1219923532095376,254.73362714063603,0.7499002161305397,0.8557585989713465,0.1129994381084229,41.021315496098104,0.7896517151803795,0.9767099551814131,0.11996928550051213,230.69161649944257,0.7927030085727296,0.8689992695087247,0.1219923532095376,0
116.58721293199551,0.7902424469012851,0.9102356032680061,0.13760987575088704,155.21670898535814,0.7658079688794717,0.8808276564200436,0.13147517575121268,34.23830546265329,0.7999142801677672,0.9736386860672867,0.13879411401314737,116.58721293199551,0.7902424469012851,0.9102356032680061,0.13760987575088704,0
139.75690078037903,0.8720070076924535,0.8916597278123984,0.20847984222155613,150.99287480005822,0.8313965545733799,0.8832562882388773,0.1936836145993083,51.09176142697882,0.8664902822117866,0.9603894089978667,0.2059289210658348,139.75690078037903,0.8720070076924535,0.8916597278123984,0.20847984222155613,0
108.11557413600892,0.8423423953050787,0.9257927150446719,0.14564618026024295,148.22764846030805,0.7934827916224445,0.8984896208319872,0.13266276662918602,138.4898885172798,0.8290810486464602,0.9048915356561804,0.14252469938004206,108.11557413600892,0.8423423953050787,0.9257927150446719,0.14564618026024295,0
164.60027870680042,0.8130499344303247,0.9004350585615849,0.16773652530562377,173.15938300466442,0.7465961379888972,0.8954734573495283,0.15146827476804006,29.227770345596426,0.7945166290140445,0.9823101123098743,0.16383548121079963,164.60027870680042,0.8130499344303247,0.9004350585615849,0.16773652530562377,0
118.43818283166107,0.8612595623543686,0.9379335208784133,0.19324309223604785,150.62052997170053,0.8207377097446261,0.9213045336400866,0.17835578544239544,62.9801895206243,0.864054434759945,0.9669961062928988,0.19275296373700554,118.43818283166107,0.8612595623543686,0.9379335208784133,0.19324309223604785,0
206.9942586399108,0.8589094910350878,0.8917623325625659,0.21164014635375875,294.27952707464124,0.8170074611250417,0.8465889464771112,0.19981201217577232,70.94070234113711,0.8705429826457978,0.9629090959823818,0.21383457692813979,206.9942586399108,0.8589094910350878,0.8917623325625659,0.21164014635375875,0
183.6616945373467,0.8597645925455759,0.8997333019650929,0.21998550080860796,184.97680115434952,0.8264949426217179,0.899316905107032,0.20633679904227029,55.34416945373466,0.8692507306402424,0.969782229264285,0.22153768244274952,183.6616945373467,0.8597645925455759,0.8997333019650929,0.21998550080860796,0
133.2489632107023,0.8697369548971938,0.8981324875428167,0.18040900818084527,163.39655037415693,0.8012690666021891,0.8752891256703267,0.16169905548984756,51.2647491638796,0.836154702470669,0.9607621598204048,0.172446956250009,133.2489632107023,0.8697369548971938,0.8981324875428167,0.18040900818084527,1
158.81141583054628,0.8616109302983797,0.862752685401469,0.23204299889533622,184.76490195859105,0.8131369115262308,0.8408144430868194,0.21230242154042347,39.103110367892974,0.8626383223637035,0.9662019774750069,0.23183981587955685,158.81141583054628,0.8616109302983797,0.862752685401469,0.23204299889533622,1
93.00991081382386,0.7992402898948043,0.928414824655915,0.09718024077519855,96.09601682307805,0.704601646266949,0.9260261625289588,0.08129286989230317,24.023411371237458,0.7631050559918565,0.9814862354253772,0.09039538848353836,93.00991081382386,0.7992402898948043,0.928414824655915,0.09718024077519855,1
70.99853957636566,0.8558699046483843,0.8864240404975942,0.37731667950575243,63.85665708437267,0.8130087702890693,0.8981599873759594,0.36032765981129633,28.699297658862875,0.8384137687553262,0.9541417602603236,0.36761724084560793,70.99853957636566,0.8558699046483843,0.8864240404975942,0.37731667950575243,1
91.61292084726867,0.8369097760785341,0.9372690520257113,0.20522265075283258,103.74656883032628,0.7872675576534498,0.9291552879024461,0.189128826281965,29.587224080267557,0.8300126362100484,0.9797350374482372,0.20212852169426707,91.61292084726867,0.8369097760785341,0.9372690520257113,0.20522265075283258,1
113.86132664437012,0.8122605147768966,0.8462022639102579,0.18409377586943088,217.4669187145558,0.7436579717719126,0.7071128851923595,0.16235668157176777,57.00720178372352,0.798460908649912,0.9230189151247729,0.17906664817037934,113.86132664437012,0.8122605147768966,0.8462022639102579,0.18409377586943088,1
132.45707915273132,0.8182230354313891,0.8923966736787984,0.14900118336636267,159.59724164159235,0.7468824318300494,0.8706622717930398,0.1316206722087989,73.30057971014493,0.7985096589552719,0.9404595898493051,0.14399215684654332,132.45707915273132,0.8182230354313891,0.8923966736787984,0.14900118336636267,1
122.37441471571904,0.8530970457003701,0.8301401196912184,0.2180462529138011,145.95710338810525,0.8019976828479602,0.7979850996665049,0.19809026828576518,37.0151950947603,0.8483291129623008,0.948610708189251,0.2151466890784664,122.37441471571904,0.8530970457003701,0.8301401196912184,0.2180462529138011,1
79.65985507246377,0.8180288692443143,0.9323440079016013,0.13856016016072595,84.23508685585172,0.7683623675250908,0.928622953383464,0.12561382737266652,26.59948717948718,0.8269933483274815,0.9774209629019053,0.13932805187517303,79.65985507246377,0.8180288692443143,0.9323440079016013,0.13856016016072595,1
130.08217391304348,0.8047984742551408,0.8955668448053538,0.11889971541712269,189.41345175109905,0.72895811498424,0.8482807884471493,0.10346901672932952,33.10759197324415,0.8044268137411624,0.9734327544871398,0.11737967378420065,130.08217391304348,0.8047984742551408,0.8955668448053538,0.11889971541712269,1
206.20384615384614,0.8057230557729164,0.8984206111532941,0.17720505505713666,254.95456426661895,0.7639490142069272,0.8747423160292979,0.1653380988539866,75.01171683389074,0.8239832394379041,0.9630450162732996,0.17955754279753944,206.20384615384614,0.8057230557729164,0.8984206111532941,0.17720505505713666,1
161.98202898550724,0.8655194071884367,0.9025752265501024,0.2651643943454331,205.3139674052863,0.8220559667411136,0.8769121528666466,0.24349818060549072,47.320055741360086,0.8681371353011441,0.9715380648083753,0.2628624813542388,161.98202898550724,0.8655194071884367,0.9025752265501024,0.2651643943454331,1
156.3778037904125,0.8749879501791307,0.9117932770217206,0.2296104866766136,152.74470084227247,0.8187656977175866,0.9140739039264014,0.2081778610362745,56.409721293199546,0.8544070385430631,0.9681692197018456,0.220221402735348,156.3778037904125,0.8749879501791307,0.9117932770217206,0.2296104866766136,1
124.58104793756968,0.8828218234801913,0.9290779520273097,0.23219914905051228,216.24414715719067,0.8208265387146771,0.877213064629347,0.21839449440902634,104.57685618729097,0.8470237907602038,0.9404492689056286,0.22419589120540248,124.58104793756968,0.8828218234801913,0.9290779520273097,0.23219914905051228,1
144.56340022296544,0.8412716555836061,0.8731178059804793,0.17758488051306776,197.01157705171084,0.7910740547468004,0.8275790648825184,0.15998485730752202,47.325997770345595,0.842190461042014,0.9584591647422028,0.17387039271340948,144.56340022296544,0.8412716555836061,0.8731178059804793,0.17758488051306776,1
83.83044593088073,0.8361778098611657,0.8787232117853009,0.2383732055317949,85.68686032594714,0.7862640090758419,0.8763327125809887,0.21791178077231585,23.541761426978812,0.8443315533214398,0.9659328895509346,0.24024339535289446,83.83044593088073,0.8361778098611657,0.8787232117853009,0.2383732055317949,1
188.8607023411371,0.8507220292433351,0.9058332892674207,0.15647976271912856,317.2151653784633,0.8049823680436177,0.8423241206459473,0.14398373648479557,93.67831661092531,0.8575015806746691,0.953305223980726,0.15720214067970337,188.8607023411371,0.8507220292433351,0.9058332892674207,0.15647976271912856,1
122.99522853957636,0.8858447904012767,0.8830402149627705,0.22159997354187075,134.30930302793033,0.8563255039073449,0.8726800118650856,0.20861748375938519,59.21929765886287,0.8939453504796591,0.9436823824519444,0.22337401152813852,122.99522853957636,0.8858447904012767,0.8830402149627705,0.22159997354187075,1
146.40346711259755,0.8288089934858126,0.8948152112389848,0.13918910671887558,144.2768649120256,0.7232501066720183,0.8965560085152505,0.11686854847333444,52.571917502787066,0.7690305956904602,0.962222015767267,0.1261391959555502,146.40346711259755,0.8288089934858126,0.8948152112389848,0.13918910671887558,1
142.79778149386846,0.9214103417726938,0.8907917192449721,0.5164618714469503,220.21592599635352,0.9059103391133168,0.8321246418148687,0.507525212351043,62.453489409141575,0.9293627360230476,0.9522354604254604,0.5199646328378681,142.79778149386846,0.9214103417726938,0.8907917192449721,0.5164618714469503,1
78.66779264214045,0.8112398600129529,0.9256417455594819,0.24029728631995906,136.40372031632756,0.7642671046391345,0.8714433675207414,0.22043262667142322,73.33522853957636,0.806570002080324,0.930678500925518,0.2387550867349341,78.66779264214045,0.8112398600129529,0.9256417455594819,0.24029728631995906,1
89.11569676700111,0.8978899515649565,0.9253650970326982,0.19297428006607772,127.34980593058243,0.8370385179371533,0.8936036004990335,0.17241695322762315,53.610256410256405,0.8667766302582642,0.955079213199751,0.18244546794352223,89.11569676700111,0.8978899515649565,0.9253650970326982,0.19297428006607772,1
108.47791527313265,0.8187246924210614,0.9065863365536216,0.14320239014581393,110.80510285119854,0.7482594712893399,0.9047548365071209,0.12417106856851597,17.9270011148272,0.8091584009159059,0.984549749079907,0.13560395694659735,108.47791527313265,0.8187246924210614,0.9065863365536216,0.14320239014581393,1
90.21520624303233,0.8664406671993732,0.9051135693694782,0.20214209600876876,131.09964094361362,0.8023013536513903,0.8623540931993552,0.18325407597968824,29.708004459308803,0.8451051050556492,0.9687179614377142,0.1992286602430176,90.21520624303233,0.8664406671993732,0.9051135693694782,0.20214209600876876,1
120.44377926421404,0.8401056832285363,0.9101718726402798,0.2471143960710497,106.62639120367783,0.8088015393097214,0.9207212972149966,0.23394826264951385,43.52859531772575,0.8337889215692298,0.9675334901025144,0.24354561029218796,120.44377926421404,0.8401056832285363,0.9101718726402798,0.2471143960710497,1
190.96159420289854,0.8186940183897586,0.8709890895827253,0.14990548229822728,241.26451605686736,0.8000174257454231,0.8374814573377742,0.1456217838601901,46.5728093645485,0.8327501691096133,0.9685503123386507,0.15230872495960357,190.96159420289854,0.8186940183897586,0.8709890895827253,0.14990548229822728,1
72.17702341137124,0.8201107875293768,0.8871036585137115,0.175442395009897,125.59293520206711,0.7892436231780728,0.803974405669523,0.1660636063720479,58.51192865105908,0.8104747031871409,0.9084204636806069,0.1724033547267596,72.17702341137124,0.8201107875293768,0.8871036585137115,0.175442395009897,1
183.26445930880712,0.834084359425772,0.8510016835130617,0.1630640246608568,166.40983881612064,0.81610441958757,0.8651175260556003,0.15784294280868014,89.57989966555184,0.8369521706190555,0.9271888263609057,0.16346942617264695,183.26445930880712,0.834084359425772,0.8510016835130617,0.1630640246608568,1
122.20360089186175,0.7957322246083589,0.8850323697129638,0.1873914336780833,171.1858815896914,0.7682624891491294,0.8393995433021483,0.17854071806551708,45.0,0.7982725275638916,0.9576518798490062,0.18733767152118977,122.20360089186175,0.7957322246083589,0.8850323697129638,0.1873914336780833,1
114.0736900780379,0.8995748598562039,0.8492597123218389,0.24012526652261015,129.99675618840953,0.8556409635077622,0.8287548768102764,0.2198031184301311,32.10414715719064,0.8948682089143234,0.9575746599512288,0.23473412471933158,114.0736900780379,0.8995748598562039,0.8492597123218389,0.24012526652261015,1
99.4753065774805,0.9032862050507492,0.8944438728640577,0.25113847613887347,152.06001051442377,0.8724709734429187,0.8391594118160186,0.23831146112905519,64.96442586399107,0.9134618710934742,0.9310601451819535,0.25369001226818566,99.4753065774805,0.9032862050507492,0.8944438728640577,0.25113847613887347,1
144.0370568561873,0.8326385337191257,0.8761126270490921,0.22169001332548777,133.0098097336719,0.7697312584662019,0.8858658307550159,0.20449137279509935,45.00649944258639,0.8131244932330717,0.9612683924702331,0.21510455440719162,144.0370568561873,0.8326385337191257,0.8761126270490921,0.22169001332548777,1
70.85678929765885,0.8856546741076986,0.9013636549604164,0.20840962313491773,99.92946387624302,0.8312187287167924,0.8612496936149486,0.19144751924630604,36.97702341137124,0.8662092645312836,0.948514950414962,0.20247167475731254,70.85678929765885,0.8856546741076986,0.9013636549604164,0.20840962313491773,1
145.187502787068,0.8452611930456867,0.8912935063225936,0.1932365567739398,241.7245556537399,0.7813260300577383,0.819558957908377,0.17261194195635712,71.97891861761428,0.8327004707516842,0.9461087343578761,0.18823301415383817,145.187502787068,0.8452611930456867,0.8912935063225936,0.1932365567739398,1
85.48187290969899,0.8988808386286563,0.8666334040785,0.3020273524776764,79.60082101989912,0.8649417518939287,0.8761843733932874,0.28691269766802246,27.712552954292086,0.9001734085199455,0.9567607127329402,0.2998223920333544,85.48187290969899,0.8988808386286563,0.8666334040785,0.3020273524776764,1
144.85897435897436,0.9331713685123699,0.927401818099789,0.9145405685458695,175.41584546034161,0.933957880095771,0.9123695019404854,0.9149747098298476,47.40936454849498,0.9473136268763526,0.9762401074113927,0.9228649600252701,144.85897435897436,0.9331713685123699,0.927401818099789,0.9145405685458695,2
117.490635451505,0.9009621465253188,0.8739944872831484,0.3493287595454143,131.45586738403375,0.8728280288394444,0.85947344708736,0.33427966874513904,63.23303232998886,0.9153685849283979,0.9321854025624665,0.35333132617084556,117.490635451505,0.9009621465253188,0.8739944872831484,0.3493287595454143,2
86.10276477146044,0.8568220511448773,0.9223085292365184,0.171678766280116,115.34759119025514,0.799554183137692,0.8961446226949618,0.155009835597679,86.97773690078037,0.8510570289519293,0.9215066847228073,0.1695150249643778,86.10276477146044,0.8568220511448773,0.9223085292365184,0.171678766280116,2
84.73691192865105,0.9123414772934364,0.9221210010726031,0.3352283189836143,145.05620742497285,0.8684791551811125,0.8671035254371899,0.307989784678829,62.154013377926425,0.8981274658621692,0.942871555060071,0.3246135845691516,84.73691192865105,0.9123414772934364,0.9221210010726031,0.3352283189836143,2
142.31573021181717,0.82162900302518,0.8965750902874801,0.12370748173292632,191.8949116900258,0.7624643686002062,0.8609696012941537,0.1094636282170892,36.40624303232999,0.829006628708699,0.9735721838961662,0.12359168994646244,142.31573021181717,0.82162900302518,0.8965750902874801,0.12370748173292632,2
68.635005574136,0.8280869635205665,0.9369991159594669,0.10960539337515425,140.15682151206363,0.7202520482787731,0.8714176608886846,0.0925143145303276,45.837725752508355,0.7773883780195006,0.9579307033939438,0.10029585347141486,68.635005574136,0.8280869635205665,0.9369991159594669,0.10960539337515425,2
174.88653288740244,0.8720305015982361,0.8909040499997632,0.24741329409190876,196.9144752295836,0.8164036443065472,0.8774913666019563,0.22761704204172833,48.44785953177257,0.851545024163118,0.9697663813715434,0.23838291689254887,174.88653288740244,0.8720305015982361,0.8909040499997632,0.24741329409190876,2
45.54006688963211,0.8515420292481178,0.9633520955740122,0.2173381211565681,71.91940806031253,0.7673552236840065,0.9421640363355048,0.206188869818239,24.474136008918617,0.7962684445050471,0.9802832050997633,0.2104124746942964,45.54006688963211,0.8515420292481178,0.9633520955740122,0.2173381211565681,2
96.90802675585283,0.8670497930797456,0.9188954760588055,0.23517184721575227,84.49110188924062,0.7962608737771252,0.9294364348125255,0.2186061936626007,33.48454849498328,0.8298457424034423,0.9719569893771948,0.22472268130238496,96.90802675585283,0.8670497930797456,0.9188954760588055,0.23517184721575227,2
213.98754738015606,0.8292523090533495,0.8535826859528692,0.16427784239439597,204.17211216876768,0.783548303972137,0.8607144157259948,0.15033748856661067,28.860523968784836,0.844963307671061,0.9802564301624095,0.16758511305649068,213.98754738015606,0.8292523090533495,0.8535826859528692,0.16427784239439597,2
129.80950947603122,0.7732523624893433,0.8801787045656772,0.11838901446155947,132.33645037527543,0.6972906590282262,0.8781061591261042,0.10283310358723535,28.88695652173913,0.7764088090393265,0.9733405326378599,0.11784825246531304,129.80950947603122,0.7732523624893433,0.8801787045656772,0.11838901446155947,2
142.914381270903,0.8996725972380534,0.8983520888648553,0.30920077278292624,164.96805404861243,0.8866941734883802,0.8830438411147219,0.3028930459363866,61.747859531772576,0.9181844254101931,0.9560799854924871,0.31623710866196486,142.914381270903,0.8996725972380534,0.8983520888648553,0.30920077278292624,2
40.49829431438127,0.8661134409904971,0.9165794426680117,0.18946222393533393,47.3747832798291,0.8147184943737107,0.9025449803866248,0.17412139122709,19.071516164994428,0.8545232797263095,0.9606837404062973,0.18621140177740816,40.49829431438127,0.8661134409904971,0.9165794426680117,0.18946222393533393,2
103.42619843924192,0.8999605793113845,0.8792553901148917,0.2863352574185002,107.79341394391561,0.8737493917407859,0.8744849506353696,0.27335705021268647,44.24127090301003,0.9023188791052226,0.9484971931177607,0.2866741288102679,103.42619843924192,0.8999605793113845,0.8792553901148917,0.2863352574185002,2
78.9135674470457,0.8541640140551049,0.9224735301154179,0.19909669485767434,133.23679824610466,0.8005952590564781,0.8693475521217082,0.1788100020067064,77.1166778149387,0.8343252114803361,0.9241800542359228,0.19103888999632984,78.9135674470457,0.8541640140551049,0.9224735301154179,0.19909669485767434,2
176.8690078037904,0.8726249490234314,0.8787669058442558,0.18723390627483838,142.85793223789443,0.8154625197272745,0.9023607543508579,0.16899114713473654,93.68733556298773,0.8559494672459612,0.9357640944261612,0.18166686891305867,176.8690078037904,0.8726249490234314,0.8787669058442558,0.18723390627483838,2
107.1507580824972,0.849316910235174,0.9236360859986021,0.17732195319157237,149.11630742385432,0.794939395849837,0.8940319539643665,0.16080848601653014,46.71940914158306,0.8365346298882897,0.9667039073633044,0.17349220567905477,107.1507580824972,0.849316910235174,0.9236360859986021,0.17732195319157237,2
132.29816053511706,0.8767846648049312,0.8286376004259925,0.24298073601142522,148.68437713224685,0.818968285610561,0.8078794991308942,0.22468810012689042,32.830903010033445,0.8532316490708634,0.9574551054109779,0.23574073126486084,132.29816053511706,0.8767846648049312,0.8286376004259925,0.24298073601142522,2
239.82589743589745,0.8728337666819654,0.8846060329502023,0.39991393248112445,245.4059797988837,0.8459842606679961,0.8822880039334452,0.3784063314034451,56.39181716833891,0.8840725781290472,0.9728746461563256,0.40230091993879996,239.82589743589745,0.8728337666819654,0.8846060329502023,0.39991393248112445,2
115.29502787068004,0.8004671225473189,0.9244997932123868,0.33067147994679,126.88917349917787,0.7358170414268919,0.917017135018203,0.32399097396517945,18.214381270903008,0.7880686420091142,0.9880675158670508,0.32730935095045943,115.29502787068004,0.8004671225473189,0.9244997932123868,0.33067147994679,2
84.1501226309922,0.7730431701605903,0.9058239080005126,0.14280574240200258,125.36212122906905,0.7152373433802585,0.8600601942456128,0.12844257184033764,43.3009364548495,0.7875686916300543,0.9515248961500722,0.147372633330069,84.1501226309922,0.7730431701605903,0.9058239080005126,0.14280574240200258,2
112.09095875139352,0.7890288564762844,0.856164083843192,0.183727168668029,85.24950503909352,0.7082754930741679,0.8909006564917925,0.16792157034842464,26.868595317725752,0.7725349089487377,0.9655241884772606,0.18162755978474288,112.09095875139352,0.7890288564762844,0.856164083843192,0.183727168668029,2
69.58053511705685,0.8787345764896286,0.9024830223238783,0.18317972585569922,95.6971622241362,0.8457435155346269,0.86623545278711,0.17579165837993044,39.04617614269789,0.902135039181661,0.9453838527138697,0.18773176399812905,69.58053511705685,0.8787345764896286,0.9024830223238783,0.18317972585569922,2
143.31338907469342,0.8843736066729171,0.8776970921007005,0.2975746121878206,119.11147526314026,0.8652946492286764,0.8986605189362434,0.28593684108408846,33.80590858416945,0.8979171456037848,0.9711486856756648,0.30142218104013435,143.31338907469342,0.8843736066729171,0.8776970921007005,0.2975746121878206,2
157.2365663322185,0.7608825410508189,0.8688748768045548,0.11960278870106396,117.63254326014251,0.7339569370559557,0.9021332812590941,0.11384577619598159,64.14328874024525,0.7580569274295296,0.9465078773492737,0.11899351069071902,157.2365663322185,0.7608825410508189,0.8688748768045548,0.11960278870106396,2
121.5529988851728,0.7904646475876234,0.9284064165313328,0.11487277753627001,164.66992539233343,0.7634179019473983,0.9032824337077248,0.10943458936282606,41.57102564102564,0.80303271125444,0.9755304889205109,0.11568795482553534,121.5529988851728,0.7904646475876234,0.9284064165313328,0.11487277753627001,2
191.1471906354515,0.8120532696098847,0.8280851800320479,0.18276458700450615,241.94007897003388,0.7844173689485245,0.7830958992802924,0.1744439992786715,49.17377926421405,0.8221897551067157,0.9557903958109092,0.1832369267843753,191.1471906354515,0.8120532696098847,0.8280851800320479,0.18276458700450615,2
156.2768227424749,0.8163476145870365,0.833373226348302,0.16727201171115774,214.25400163309135,0.7761538914557073,0.7722046018153728,0.15704284705560337,44.68928651059086,0.8177882115742687,0.9523582985840339,0.1672885135991886,156.2768227424749,0.8163476145870365,0.833373226348302,0.16727201171115774,2
132.13942028985508,0.7942790522630527,0.9011574481042094,0.14803840218203734,143.77267592085101,0.7693491932791656,0.8927718786526346,0.14161467558550833,17.747915273132666,0.8022537113909519,0.9867255383934551,0.1483156323897087,132.13942028985508,0.7942790522630527,0.9011574481042094,0.14803840218203734,2
142.72278706800444,0.8777039518401467,0.8470866390427928,0.2823830955235149,160.87936376550599,0.8366175866606802,0.8280950549293643,0.26917263187616614,25.91657748049052,0.8741896352693678,0.9722221108681496,0.27886181508498814,142.72278706800444,0.8777039518401467,0.8470866390427928,0.2823830955235149,2
88.2893311036789,0.8590467810257808,0.8867778770251222,0.2349338301626293,200.62932181966644,0.8045932269376166,0.7435076450498587,0.21184015632230904,85.49433667781494,0.8477586514573912,0.8903612200028049,0.22944351970816118,88.2893311036789,0.8590467810257808,0.8867778770251222,0.2349338301626293,2
65.61872909698997,0.9158547242578646,0.8991309172768501,0.4683493603504265,63.983814498719255,0.8970648827830707,0.9019536323060722,0.4537260697186495,38.497770345596436,0.9159516399244592,0.9408175046471737,0.46279085509016193,65.61872909698997,0.9158547242578646,0.8991309172768501,0.4683493603504265,2
75.23598662207357,0.8559165902323068,0.8368471131087369,0.25033248857906654,75.03365734164048,0.7933925328314961,0.8378161485469579,0.22093331829062768,43.584503901895204,0.8418692595837658,0.9054984470728424,0.2423208527841911,75.23598662207357,0.8559165902323068,0.8368471131087369,0.25033248857906654,2
115.09461538461538,0.8651580464847786,0.8459162835731667,0.21332750948182752,124.93755103410477,0.8212377269359734,0.8332517290015915,0.1950298504266119,46.612530657748046,0.8700039193462048,0.937607180800036,0.21248391103219233,115.09461538461538,0.8651580464847786,0.8459162835731667,0.21332750948182752,2
58.61619843924192,0.9035616405537887,0.9386243973217915,0.281663674072971,113.59138040961511,0.8659034486372751,0.8814238865067795,0.2641079253794399,66.65270903010031,0.8954996445418354,0.9301976411628429,0.27922728045011525,58.61619843924192,0.9035616405537887,0.9386243973217915,0.281663674072971,2
53.740613154960975,0.8959004062770076,0.9289998000850199,0.3011525669587754,64.41281417433808,0.8595737892948886,0.9151696785988437,0.28217761661673935,19.226878483835005,0.8984816860170496,0.9745961737792328,0.30043533869800476,53.740613154960975,0.8959004062770076,0.9289998000850199,0.3011525669587754,3
144.81809364548494,0.8506722583116938,0.9184929334756773,0.3253925902336606,172.2653885303297,0.8230529602412863,0.9033394751939287,0.312986085096804,77.76558528428095,0.858831904549692,0.9562237267637613,0.3258242121490157,144.81809364548494,0.8506722583116938,0.9184929334756773,0.3253925902336606,3
94.2309476031215,0.8557401666337764,0.8854387032138894,0.25818413487294317,119.15768279996868,0.7981075955885384,0.855509215530039,0.2395886708769638,23.00122630992196,0.8429066706713544,0.9720291525790531,0.253282396151335,94.2309476031215,0.8557401666337764,0.8854387032138894,0.25818413487294317,3
109.70415830546264,0.8994674295761281,0.9194843842847067,0.30824026789740105,209.1840695294236,0.8588395761568174,0.8469649878217006,0.2906425663765584,87.46928651059085,0.8870869437706035,0.9358034577347684,0.302079873296035,109.70415830546264,0.8994674295761281,0.9194843842847067,0.30824026789740105,3
88.0558193979933,0.9094895548769242,0.913588268855323,0.3783778800667551,150.80198208073736,0.8929878102490449,0.8524951881928494,0.3689675427126404,80.23945373467112,0.9194390576217358,0.9212573472712644,0.38525237954180835,88.0558193979933,0.9094895548769242,0.913588268855323,0.3783778800667551,3
132.8409364548495,0.784748241949888,0.912632271759246,0.16577708664917926,146.9040167335936,0.7284862789669632,0.9036374347132046,0.14677681647962246,49.61780379041249,0.7853152987185894,0.9673555466097562,0.16284038595014952,132.8409364548495,0.784748241949888,0.912632271759246,0.16577708664917926,3
71.99338907469343,0.8348106587298817,0.9316152857291844,0.17982330281810802,108.78928647330568,0.7883798224105073,0.8969523521199748,0.16693243769747726,31.178350055741355,0.8415894704068215,0.9703784334170519,0.18045521254616412,71.99338907469343,0.8348106587298817,0.9316152857291844,0.17982330281810802,3
149.3194537346711,0.8860459764398649,0.8470104291345434,0.43607300827623235,186.7848234359795,0.8622333976369672,0.809212399307163,0.4199876620476137,46.69238573021182,0.8981267104043018,0.9521573773421241,0.44049092165764686,149.3194537346711,0.8860459764398649,0.8470104291345434,0.43607300827623235,3
77.23982162764771,0.8425590296819088,0.917491007938164,0.23330654358436295,74.24740215433832,0.7942569665101088,0.9208417899622144,0.21667695326257425,25.738740245261987,0.8544014168203438,0.9724791028291687,0.23753769951471485,77.23982162764771,0.8425590296819088,0.917491007938164,0.23330654358436295,3
82.58260869565218,0.8995262123069337,0.8651110189942209,0.28083384900530256,82.43205333273677,0.8755116817746239,0.8657515728230679,0.2715187915691494,48.69309921962096,0.9084706758504035,0.920472699748073,0.2837960529143557,82.58260869565218,0.8995262123069337,0.8651110189942209,0.28083384900530256,3
145.03002229654402,0.8220089707672286,0.8952567473094173,0.15701562084305948,221.24666390756255,0.759155120400944,0.8406319197912199,0.1392408366847284,52.764425863991086,0.8244937595519991,0.9619069294198271,0.15458109740542997,145.03002229654402,0.8220089707672286,0.8952567473094173,0.15701562084305948,3
68.72787068004459,0.8614025289914883,0.8915344560953773,0.2576194077452978,100.90050446863009,0.8052007443018168,0.8411969632941301,0.2329878576008511,26.93749163879599,0.8511991190253568,0.9574757560693099,0.2529037890313527,68.72787068004459,0.8614025289914883,0.8915344560953773,0.2576194077452978,3
59.344169453734665,0.8583391363937739,0.9347704329267092,0.18870532021673317,80.85825661905349,0.8049660050948347,0.9113517624836786,0.17135064034634315,22.44756967670011,0.8558430470765185,0.9753168980345311,0.18688169285115414,59.344169453734665,0.8583391363937739,0.9347704329267092,0.18870532021673317,3
47.37171683389076,0.9116865536496946,0.8836807699307635,0.31447611257894226,48.361069786691424,0.8740411753467289,0.8815922554888945,0.2951188480151029,15.20236343366778,0.9041523925500088,0.9626615263489162,0.309824315420216,47.37171683389076,0.9116865536496946,0.8836807699307635,0.31447611257894226,3
103.701248606466,0.8458971321239668,0.8936798086177723,0.28664952949059186,175.19758168253153,0.799602442099976,0.8209496530178299,0.26225503096125174,52.84105908584169,0.85152668377624,0.9458218290444202,0.28629894798351885,103.701248606466,0.8458971321239668,0.8936798086177723,0.28664952949059186,3
91.83589743589744,0.8587719760103771,0.9074809315958887,0.22290619307588927,131.1181418552365,0.8005284174024164,0.8683030258261715,0.2011580857652828,47.168149386845045,0.8443465030358231,0.9524775458606483,0.21778750934387406,91.83589743589744,0.8587719760103771,0.9074809315958887,0.22290619307588927,3
125.7899331103679,0.8851735485419016,0.902203947397558,0.3342328231886691,130.48998333351975,0.851772565155035,0.898863542687015,0.31414331533412154,48.121583054626534,0.8871890446773489,0.9625838056178635,0.3301523960862758,125.7899331103679,0.8851735485419016,0.902203947397558,0.3342328231886691,3
70.62800445930881,0.8650336585755102,0.9036647935030174,0.25108590894827215,49.955134730036576,0.8478114942399626,0.9320402360909851,0.24416409431534408,28.42040133779264,0.8867088516782291,0.961236786547619,0.2547656248683789,70.62800445930881,0.8650336585755102,0.9036647935030174,0.25108590894827215,3
109.67391304347827,0.8353815107804667,0.9312338442636967,0.1698004310322137,89.65195020189931,0.7742738481755189,0.9439450722240048,0.15313506465423182,46.46596432552954,0.8105514548687469,0.9708596620456884,0.16443690663791177,109.67391304347827,0.8353815107804667,0.9312338442636967,0.1698004310322137,3
73.25453734671126,0.8136801387680395,0.9149406339478979,0.18441863159059224,74.20383440901108,0.752651600144836,0.914056125276766,0.1653628794142594,23.958617614269784,0.808477529038011,0.9721680179002128,0.18236186191003972,73.25453734671126,0.8136801387680395,0.9149406339478979,0.18441863159059224,3
89.44098104793757,0.9163500161660125,0.9406829437221771,0.3497643604769395,117.82008031230077,0.8900200860767357,0.9221143585263338,0.33910260681414645,36.69260869565217,0.9141553344596413,0.9756658244705434,0.3473735059569857,89.44098104793757,0.9163500161660125,0.9406829437221771,0.3497643604769395,3
55.13138238573021,0.8395546212537538,0.9096720756576181,0.18330615770274505,131.39219919240276,0.7765747872547625,0.7849208367965504,0.16528734175309345,60.81713489409141,0.8248564791377183,0.9002480387860039,0.18097689973571657,55.13138238573021,0.8395546212537538,0.9096720756576181,0.18330615770274505,3
82.94458193979932,0.8703395249762133,0.9270438513491476,0.2020688874530495,108.47738839610295,0.8131383520263672,0.9048175781758478,0.18383086457667483,41.7844927536232,0.8519052579881583,0.9632304401483918,0.19444097158199544,82.94458193979932,0.8703395249762133,0.9270438513491476,0.2020688874530495,3
117.66977703455963,0.8437116330442992,0.9205501373970376,0.21137078235419446,123.84195926220063,0.8135119116161529,0.9166187514334655,0.19701554804779486,30.05978818283166,0.8578102218256003,0.9797068033552333,0.21225744903738772,117.66977703455963,0.8437116330442992,0.9205501373970376,0.21137078235419446,3
128.96095875139355,0.7933667158240836,0.8735408714960536,0.1598029091036262,123.45197481012517,0.7365834051624123,0.8793294466836634,0.14285217239844958,27.162898550724638,0.8116809568007972,0.9733727919211973,0.16417386725852162,128.96095875139355,0.7933667158240836,0.8735408714960536,0.1598029091036262,3
83.1608138238573,0.8064191260419611,0.9174048300088884,0.16985230951958866,130.90257379671368,0.751291085487646,0.8703485591308879,0.15478117942657138,56.17725752508361,0.801297895631861,0.9441967032769235,0.16829827172760758,83.1608138238573,0.8064191260419611,0.9174048300088884,0.16985230951958866,3
96.29350055741361,0.7636832503794172,0.9268680664897633,0.0994604667074237,166.16618382344717,0.7235439398278013,0.8741498315396297,0.09344389855363923,71.2416833890747,0.7571671756310041,0.9459616080904426,0.09816772805288168,96.29350055741361,0.7636832503794172,0.9268680664897633,0.0994604667074237,3
52.991025641025644,0.7584797189289456,0.9055411691785049,0.1144450604025836,67.34893345712017,0.7372209834325573,0.8800367248771176,0.11087873905061195,24.739565217391306,0.7614969079826874,0.9558423165558884,0.11490151235996701,52.991025641025644,0.7584797189289456,0.9055411691785049,0.1144450604025836,3
107.57451505016721,0.7867113105724456,0.915087567663966,0.15015772333321176,133.0679522600418,0.7627663836395211,0.8952394210792582,0.14479790300916526,36.70616499442586,0.808222659774363,0.9710207661208098,0.15509405072205282,107.57451505016721,0.7867113105724456,0.915087567663966,0.15015772333321176,3
82.52810479375697,0.8393718614417277,0.937420895648164,0.3760155393332424,134.8309079316786,0.788706171947754,0.8980299434276432,0.36874137799224327,44.2600668896321,0.8227730276794609,0.9664341862061274,0.37354889510386297,82.52810479375697,0.8393718614417277,0.937420895648164,0.3760155393332424,3
96.86536231884058,0.8420236384377099,0.9028248034723693,0.21738722418490436,108.42741132649522,0.7915529634015064,0.891544257603588,0.19822132994466532,25.601360089186176,0.8449630431825741,0.974313625512011,0.21784491750197157,96.86536231884058,0.8420236384377099,0.9028248034723693,0.21738722418490436,3
118.65292084726869,0.8066305669826105,0.8709799648924567,0.2871985171599837,107.02235992885986,0.7653177461671911,0.8839844981063979,0.26861624811046403,60.43486064659977,0.8245261553715333,0.934277400476233,0.2921071425440912,118.65292084726869,0.8066305669826105,0.8709799648924567,0.2871985171599837,3
62.924470457079146,0.846483017534233,0.951046156544413,0.22909359921215955,97.17377881679175,0.7486650310977696,0.9244793328406076,0.22104267352845017,26.0190635451505,0.77795543489105,0.9797509082674289,0.22264344475250328,62.924470457079146,0.846483017534233,0.951046156544413,0.22909359921215955,3
116.1048829431438,0.8340497408839309,0.891614365635771,0.16099244594736195,119.8954150401002,0.7695701790813626,0.888338463552006,0.14392135090277855,38.58635451505017,0.8149469623926853,0.96397063399421,0.1564129639945832,116.1048829431438,0.8340497408839309,0.891614365635771,0.16099244594736195,3
55.57646599777034,0.8727659053596464,0.89882636017592,0.2469604862838647,71.66710663191687,0.8233836320713791,0.8699084841036392,0.22469642050632627,32.53608695652174,0.8672565549098898,0.9407486410797159,0.24216880599511056,55.57646599777034,0.8727659053596464,0.89882636017592,0.2469604862838647,3
106.32384615384615,0.7484160704899303,0.9008409253753614,0.15686581951426415,156.33536537622624,0.7213447652120977,0.8546133536740596,0.15095917134790363,111.93892976588629,0.7483941674861692,0.8956634066119712,0.15669248136121172,106.32384615384615,0.7484160704899303,0.9008409253753614,0.15686581951426415,4
70.6173801560758,0.8619909043107405,0.855696920767217,0.2205863816250489,101.04269527186497,0.8158393694990554,0.7940655601760264,0.20460814142599423,67.44745819397994,0.8543060524218775,0.8621365466256724,0.21930645471900656,70.6173801560758,0.8619909043107405,0.855696920767217,0.2205863816250489,4
31.752820512820513,0.7381064169096793,0.9534645984560471,0.2317241956024113,26.41484994575005,0.7062680870660416,0.9613286867206555,0.22613910015587535,13.627491638795984,0.7578131293852919,0.980036481450972,0.23044641384076045,31.752820512820513,0.7381064169096793,0.9534645984560471,0.2317241956024113,4
85.45558528428094,0.7851424527491273,0.8785227912205051,0.13866295084289307,127.78599791948636,0.7341707050253578,0.8188821742654064,0.12560372286378965,110.29588628762542,0.7951527701930372,0.8433135471831733,0.14150140598176397,85.45558528428094,0.7851424527491273,0.8785227912205051,0.13866295084289307,4
34.07549609810479,0.8992492688940081,0.9213828721210072,0.2534067735328209,38.37828435923536,0.8709227979449975,0.9117006402069866,0.24023357032075976,12.602508361204013,0.9007271592098246,0.9709186279663162,0.25099489747474085,34.07549609810479,0.8992492688940081,0.9213828721210072,0.2534067735328209,4
108.37305462653289,0.8342256390164877,0.9631451756896832,0.16874990010673036,176.31441482757467,0.7978555750872713,0.9402083195585604,0.16039551668873586,105.48711259754737,0.8474611587072837,0.9641264038620762,0.17251240649375343,108.37305462653289,0.8342256390164877,0.9631451756896832,0.16874990010673036,4
28.013890746934226,0.8843496713766394,0.9483311765033645,0.2422094675861624,34.86977774297827,0.8311470110366115,0.9357838224902048,0.22783471004368738,21.907703455964324,0.861075840464716,0.9595654443490973,0.23760448987330016,28.013890746934226,0.8843496713766394,0.9483311765033645,0.2422094675861624,4
90.62528428093644,0.85588294337747,0.9299217699298461,0.2567408329011479,144.4345924542231,0.8153048090595985,0.8886465372057828,0.23839276814621238,96.15232998885172,0.8543365481788765,0.925641290501284,0.2572409142210898,90.62528428093644,0.85588294337747,0.9299217699298461,0.2567408329011479,4
73.04725752508361,0.8047115263140188,0.9431220433065244,0.19359586637557386,128.06061453451304,0.7586837762712255,0.9005773623364367,0.17678989482203977,91.18348940914157,0.8055428544651612,0.928986026017523,0.19485352229702724,73.04725752508361,0.8047115263140188,0.9431220433065244,0.19359586637557386,4
62.655863991081375,0.8002013813687537,0.9488552007709093,0.18642574257098354,142.21123924788313,0.7495778662704727,0.8842599253942279,0.17239944135234445,91.22770345596433,0.8048460026059676,0.9255353989328428,0.18822742029223205,62.655863991081375,0.8002013813687537,0.9488552007709093,0.18642574257098354,4
41.60397993311037,0.9188400213602479,0.9380581904030715,0.35834179510745234,69.90875940985,0.8791700836553596,0.896257664979855,0.3411615464869664,41.194905239687856,0.9080246423661654,0.9386805721321959,0.35642942764464075,41.60397993311037,0.9188400213602479,0.9380581904030715,0.35834179510745234,4
170.20071348940917,0.8949002214019933,0.9065450180425606,0.6530234555313822,160.48437936935832,0.8896665581262444,0.9121592167737063,0.6517395984492077,73.32751393534002,0.9012012347254814,0.9597357878094169,0.6561332888553801,170.20071348940917,0.8949002214019933,0.9065450180425606,0.6530234555313822,4
89.18486064659977,0.8644750742761785,0.8795805416533852,0.18117793576592625,120.17557969150234,0.7781900454186151,0.8380910464905621,0.16362843736767194,55.540011148272015,0.8164622761754762,0.9250128521953556,0.17248219691126673,89.18486064659977,0.8644750742761785,0.8795805416533852,0.18117793576592625,4
94.88186176142699,0.7682035473972866,0.9142683116330741,0.13827447793149292,226.31727833022,0.7255429229849215,0.7960847402608321,0.1267494328321199,117.66408026755852,0.7917947913188677,0.8936972055715657,0.14442374081267037,94.88186176142699,0.7682035473972866,0.9142683116330741,0.13827447793149292,4
30.88557413600892,0.8819260309160678,0.9332300296438036,0.24260203436317626,45.66991420677621,0.8335079715511966,0.9015402474481753,0.22183850599400784,28.36984392419175,0.8775395932887999,0.9386604730274102,0.2412586364825021,30.88557413600892,0.8819260309160678,0.9332300296438036,0.24260203436317626,4
147.12692307692305,0.863155219036016,0.8926328665106914,0.24645005280007426,202.55054194024675,0.8347849908636407,0.8526362895843257,0.23242017636203158,107.17215161649945,0.8674524840544864,0.9218002602226882,0.24660945988981187,147.12692307692305,0.863155219036016,0.8926328665106914,0.24645005280007426,4
94.25483835005575,0.8113724018219154,0.9093657120856865,0.159280714367071,162.4493685752956,0.7567201565514807,0.8441325528237458,0.14411553928003193,69.40066889632106,0.816656528999143,0.9332528291695452,0.16072085382014842,94.25483835005575,0.8113724018219154,0.9093657120856865,0.159280714367071,4
114.97924191750278,0.896976388413649,0.8984644441110261,0.26910278642363733,122.10361181642264,0.8591549406624388,0.8925087127468747,0.24990167221030016,61.723389074693415,0.8848411556827551,0.9454917043150561,0.2606982271849131,114.97924191750278,0.896976388413649,0.8984644441110261,0.26910278642363733,4
128.72451505016724,0.8558692082993755,0.8610151386365483,0.17804756558211776,109.27222290578405,0.785363633975072,0.8823232210114204,0.15843700666366609,60.47068004459308,0.8194455722912646,0.9346896557749305,0.16840275115137676,128.72451505016724,0.8558692082993755,0.8610151386365483,0.17804756558211776,4
71.91558528428094,0.8141174062883386,0.9242705992962633,0.16938941306957617,56.86874867171508,0.7496648448959601,0.9402701172942749,0.14922362734898795,30.355774804905245,0.7994408924438503,0.968025770132002,0.16459732525119217,71.91558528428094,0.8141174062883386,0.9242705992962633,0.16938941306957617,4
158.85335562987737,0.852980473943662,0.7994347200218794,0.25861060926070134,168.10164315835394,0.8113424683388589,0.7883719258409877,0.23819241888491874,56.20652173913044,0.8611174402893698,0.9290145546688946,0.25894830499671884,158.85335562987737,0.852980473943662,0.7994347200218794,0.25861060926070134,4
76.25627647714603,0.8699267733797842,0.9214008282467991,0.23219497421780658,100.8762429950448,0.8129423666547748,0.8963007897033195,0.21658022356365056,40.13822742474916,0.8468882644343457,0.9586151049224719,0.22561576780058706,76.25627647714603,0.8699267733797842,0.9214008282467991,0.23219497421780658,4
126.43064659977703,0.811163400227487,0.9032529841151473,0.15993063897753898,221.80072929833,0.7636798736536178,0.8306869915749995,0.14608623131688211,121.04345596432552,0.8068259591967589,0.9073435228580163,0.15871293653639093,126.43064659977703,0.811163400227487,0.9032529841151473,0.15993063897753898,4
117.55015607580826,0.8680239597087093,0.9155394224683658,0.2929298960041643,189.11366763235316,0.8291099074021997,0.8645409686256611,0.27325954535994174,77.36457079152731,0.8766359307659068,0.9444076415952577,0.2951937053806439,117.55015607580826,0.8680239597087093,0.9155394224683658,0.2929298960041643,4
207.22830546265328,0.6913560003218496,0.911930339050658,0.1423761207002961,296.20385678012553,0.661292295086431,0.8744722726088102,0.13465287592599384,161.81644370122632,0.6989866123983889,0.9312365889289888,0.1427303095992941,207.22830546265328,0.6913560003218496,0.911930339050658,0.1423761207002961,4
136.74722408026756,0.7979012511553877,0.9547085227667242,0.4101413922096996,227.03772888446437,0.7709165198325925,0.9250195808375641,0.4009738379425226,176.19373467112595,0.7859707213622437,0.9416427469094384,0.40936485604387524,136.74722408026756,0.7979012511553877,0.9547085227667242,0.4101413922096996,4
94.53863991081383,0.7057331522841518,0.9211270889117761,0.09855733046107282,155.98843413384637,0.6630963168053974,0.8701550673704965,0.09226577777758552,74.62323299888517,0.7100002115229969,0.9377350789756678,0.0993122446052812,94.53863991081383,0.7057331522841518,0.9211270889117761,0.09855733046107282,4
79.88576365663322,0.833563921408665,0.9424918928201123,0.2223556132236823,108.51822686547132,0.7993933556591963,0.9220978996373651,0.2100696606806986,84.14716833890748,0.831774864459416,0.939414160625105,0.22318924539627824,79.88576365663322,0.833563921408665,0.9424918928201123,0.2223556132236823,4
108.52222965440359,0.8255170594864116,0.8733064959103656,0.1962459742218497,176.81467768816904,0.7759038655749498,0.7941754785190355,0.17958761491158953,97.57991081382387,0.8367462553699407,0.886074238340089,0.2003214103998116,108.52222965440359,0.8255170594864116,0.8733064959103656,0.1962459742218497,4
68.38433667781496,0.8620066000513231,0.935514302502291,0.21794591632148236,109.13613941678507,0.8244932702507015,0.8973788042838059,0.20317667834449,92.61619843924193,0.863977745818573,0.9126518070270118,0.2189622366950436,68.38433667781496,0.8620066000513231,0.935514302502291,0.21794591632148236,4
41.43585284280935,0.8507219242969123,0.9078770786046808,0.24215215168878926,78.55933378821265,0.8009852797471623,0.8258735309510147,0.22359314345212425,39.8846265328874,0.8515707745336636,0.9113302816773954,0.2417953905546793,41.43585284280935,0.8507219242969123,0.9078770786046808,0.24215215168878926,4
65.07914158305462,0.7002078608535266,0.9560844832749537,0.14159665113482356,136.77560653683963,0.6665131422867404,0.9079379089392362,0.1366362095171239,109.49814938684503,0.6819327347095295,0.9261538429537003,0.14054739390228865,65.07914158305462,0.7002078608535266,0.9560844832749537,0.14159665113482356,4
216.52519509476033,0.755399052226514,0.8440334894260635,0.1829670149109334,340.0629970581984,0.7107551707621518,0.7557593814363498,0.1676713934239269,177.54272017837238,0.7737843553376549,0.8721219447584018,0.18678903117804355,216.52519509476033,0.755399052226514,0.8440334894260635,0.1829670149109334,4
103.92202898550724,0.7945398093931252,0.8777325422571802,0.1695105142360711,186.20343172895156,0.7363050058821622,0.7815810629713045,0.15150513188784448,145.56639910813823,0.8075891883791856,0.8287491268993367,0.1731430213241876,103.92202898550724,0.7945398093931252,0.8777325422571802,0.1695105142360711,4
113.28989966555184,0.8120244219153415,0.9194547962643765,0.17841067714671935,174.9288262994821,0.7698673955970702,0.8760127126419186,0.16509630421809976,68.7195652173913,0.8266302480170418,0.9511605335736618,0.1819238069716893,113.28989966555184,0.8120244219153415,0.9194547962643765,0.17841067714671935,4
